program_id,program_name,country,city,latitude,longitude,program_type,key_benefits,eligibility,operator,status,official_url,sources,confidence,last_verified
ARC-FAC-001,"Norwegian Hydrogen Tornio Green Hydrogen Plant (initial 50-100 MW electrolysis, expandable 600 MW-1 GW; 20-ha site reserved in Arctic North industrial area near Röyttä port)",Finland,Tornio (Arctic North industrial area; coords approx.),65.7800,24.1500,Industrial energy facility (green hydrogen production),"Initial 50-100 MW green hydrogen capacity with long-term expansion path to 600 MW-1 GW serving Tornio-Kemi industrial cluster (Outokumpu steel, port of Tornio/Röyttä ARC-PORT-064); strengthens Bothnian Arc hydrogen valley (BotH2nia / EU Clean Hydrogen Partnership)",Industrial offtakers in Tornio-Kemi cluster; B2B hydrogen supply,Norwegian Hydrogen AS via Norwegian Hydrogen Finland Oy (Project Director Petri Luoma),Planning (site reserved; project listed as Planning/2026 on Finnish H2 cluster registry),https://norwegianhydrogen.com/news/expansion-into-finland-tornio,norwegianhydrogen.com (official announcement + Tornio Hydrogen Hub project page); h2cluster.fi projects registry (capacity 50-100 MW expandable 600 MW-1 GW); NAME DISAMBIGUATION: distinct from Norsk e-Fuel Project Tornio (ARC-FAC-002) and from Verso Energy Arctio North - three separate Tornio-area H2 projects,85,2026-08-23
ARC-FAC-002,"Norsk e-Fuel Project Tornio — CO-to-eSAF Power-to-Liquid Plant (~EUR 1.5B class; 80,000-100,000 t/yr eSAF from Outokumpu ferrochrome carbon-monoxide side streams; feasibility study 2026, FID ~2028, production start planned ~2032)",Finland,"Koivuluoto, Tornio (adjacent to Outokumpu stainless steel & ferrochrome mill; coords approx.)",65.7850,24.1450,Industrial energy facility (Power-to-Liquid sustainable aviation fuel),"~EUR 1.5B investment scale (globalflowcontrol.com); 80-100 kt/yr eSAF supporting EU aviation SAF quota; cuts Outokumpu direct CO2 emissions up to 200,000 t/yr; integrated into Kemi-Tornio industrial cluster with clean electricity and single-point CO side-stream collection; Boeing strategic collaboration on Nordic e-SAF (Apr 2026)",Aviation-sector offtakers (commercial + defence aviation); EU eSAF quota compliance buyers,Norsk e-Fuel AS (MoU signed with Outokumpu Oyj),"Planning/MoU signed — feasibility study 2026, investment decision anticipated ~2028, production start ~2032",https://www.norsk-e-fuel.com/projects,norsk-e-fuel.com (official MoU press release + Projects page); aviationweek.com; arctictoday.com; globalflowcontrol.com; boeing.com (Boeing-Norsk e-Fuel Nordic e-SAF expansion); NAME DISAMBIGUATION: distinct from Norwegian Hydrogen Tornio (ARC-FAC-001) and Nordic Electrofuel (separate Norwegian company),90,2026-08-23
ARC-FAC-003,Oulun Energia Laanila Green Hydrogen Plant (100 MW electrolysis with PtX production and waste-heat utilisation; EIA report published; FID not yet active per operator),Finland,"Laanila industrial area, Oulu (coords approx.)",65.0600,25.4700,Industrial energy facility (green hydrogen / PtX),100 MW hydrogen production plant with power-to-X and waste-heat utilisation feeding Oulu energy system and industry; part of city-backed plan for three new hydrogen plants in Oulu; EIA programme/report completed (both2nia.com); completion target 2028 at earliest,Industrial and mobility offtakers in Oulu region,Oulun Energia (with P2X Solutions Oy cooperation on EIA per both2nia.com),"Planning — EIA report published; investment decision NOT yet taken (operator lists 'Investment decision and construction' as inactive; earlier estimates pointed to autumn 2025 decision, slipped)",https://www.oulunenergia.fi/en/oulun-energia/Development-of-the-energy-system/laanila-hydrogen-project,"oulunenergia.fi (official project page: 100 MW, FID status); arctictoday.com; ouka.fi (City of Oulu: three new H2 plants planned); both2nia.com (EIA report published); power-to-x.com; renewablesnow.com; NAME DISAMBIGUATION: distinct from P2X Solutions' own GHP02 Joensuu plant",85,2026-08-23
ARC-FAC-004,Grangex Sydvaranger Mine Restart - Europe's Third-Largest Iron Ore Mine (DR-grade 70% Fe magnetite; DFS complete Aug 2025; first shipment Nov 2026),Norway,"Kirkenes, Sør-Varanger (mine site just S/SE of town; coords approx.)",69.6830,30.0500,Industrial mining facility (iron ore / direct-reduction magnetite concentrate),"DFS confirmed techno-economic feasibility: pre-tax NPV8 US$1,522M, IRR 37.7%, Phase 1 capex US$193.6M + Phase 2 US$223.8M, 25-year mine life producing 63.3 Mt of 70.0% Fe ultra-high-grade direct-reduction magnetite concentrate (LoM cash cost US$56.1/t conc, avg FOB price US$138.2/t); ~3 Mt/yr output supplies European green-steel market, exported via adjacent Kirkenes port (cf. ARC-PORT-015) with Fastmarkets-verified Kirkenes FOB pricing basis; operating concession + environmental permits already held; E. Hartikainen subsidiary selected as construction contractor; SLR recommendation to proceed to funding phase",Private industrial project (no public grant eligibility; listed on Nasdaq First North Growth Market),GRANGEX AB (publ) - Swedish-listed mining company,"Care & maintenance now; restart operations planned Nov 2026 with first commercial exports late 2026, commercial production ramp through 2027 (operator project page)",https://www.grangex.se/en/completion-of-a-definitive-feasibility-study-for-the-restart-of-operations-at-the-sydvaranger-mine,"grangex.se (official DFS press release + Sydvaranger project page incl. 'Europe's third-largest iron ore mine', permits held, Nov 2026 restart); view.news.eu.nasdaq.com + storage.mfn.se (official Nasdaq/MFN release distribution with full DFS table); im-mining.com 2025-09-01; miningmetalnews.com 2025-09-04; finance.yahoo.com; NAME DISAMBIGUATION: distinct from historic Norwegian state entity Sydvaranger Grupe AS (Tschudi group era, bankrupt) and from Kirkenes port tugboat-services row ARC-PORT-097",92,2026-08-23
ARC-FAC-005,"NunaGreen/Nukissiorfiit Utoqqarmiut Kangerluarsunnguat (Buksefjord) Hydropower Expansion - 76.9 MW new station, total capacity 45->121 MW",Greenland,Buksefjorden near Nuuk,63.9211,-50.8909,Industrial energy facility (hydropower expansion; largest hydropower project ever undertaken in Greenland),New power station at lake Kangerluarsunnguup Tasersua with turbines totalling 76.9 MW; 16 km transfer tunnel connecting lakes Kangerluarsunnguup Tasersua and Isortuarsuup Tasia; ~37 km transmission line with new substations to existing plant; total capacity nearly triples 45->121 MW securing Nuuk renewable supply; EIB-listed implementation 2025-2031 adding ~515 GWh/a green generation; Naalakkersuisut granted 40-year exploitation license to NunaGreen A/S + Nukissiorfiit; access/construction road completed by local contractor GNC in 2025 season (14 km rehabilitated + ~5 km new); turnkey BAFO tender prequalified 3 consortia incl. JV COBRA-MTH Buksefjorden HPP (Spain/Denmark) and Thyssen Schachtbau GmbH + Alberto Couto Alves S.A.,Turnkey EPC contractors via public procurement; offtake = Nuuk grid via Nukissiorfiit; local supplier partnerships facilitated with Greenland Business Association,NunaGreen A/S (developer/constructor) + Nukissiorfiit (owner-operator after completion),"Under development - construction begins 2026, commissioning 2032",https://nunagreen.com/our-projects/hydropower-project-in-utoqqarmiut-kangerluarsunnguat-buksefjord,"nunagreen.com (official developer pages: 76.9 MW, 16 km tunnel, 37 km line, 45->121 MW, 2032, license + consortia); gem.wiki Global Energy Monitor (exact coordinates 63.9211 -50.8909; owner NunaGreen AS, operator Nukissiorfiit, 77 MW planned unit 2032); hydropower-dams.com (DKK 1.8B / USD 266.7M indicative turnkey value, EU procurement notice 26 Apr); eib.org project 20220715 (implementation 2025-2031, +515 GWh/a, Nuuk redundancy); NAME DISAMBIGUATION: Buksefjord plant near Nuuk is DISTINCT from Ilulissat hydropower plant (22.5 MW, Verkis, Disko Bay) and from Disko Bay/Qasigiannguit plant (ARC-FAC-006)",92,2026-08-24
ARC-FAC-006,"Nukissiorfiit/NunaGreen Disko Bay Hydropower Plant - 21 MW (3 x 7 MW) at Kangersuneq fjord south of Qasigiannguit, supplying Qasigiannguit + Aasiaat",Greenland,"South of Qasigiannguit, Disko Bay (Qeqertalik municipality)",68.7500,-51.3000,"Industrial energy facility (run-of-reservoir hydropower, no dam)","21 MW installed capacity (three 7 MW turbines), up to 100 GWh/yr replacing diesel/oil-based electricity AND heat for Qasigiannguit + Aasiaat (combined population ~4,300); transfer tunnel over 6 km linking Kangersuneq fjord with Kuussuup Tasia lake reservoir; two transmission lines to transformer stations near Qasigiannguit and in Aasiaat (second line crosses Naternaq Ramsar site - thorough EIA committed); financed under Greenland parliamentary act authorizing Naalakkersuisut loans totalling DKK 3.1B (~USD 480M) on-lent to Nukissiorfiit covering this plant plus Buksefjord expansion (ARC-FAC-005); NunaGreen Construction Disko Bay A/S subsidiary established Jan 2025 with ~DKK 20M preparation investment in 2024",Public procurement for design/build contracts; offtake = Qasigiannguit + Aasiaat town grids via Nukissiorfiit,Nukissiorfiit (owner-operator) with NunaGreen Construction Disko Bay A/S (construction),"Approved/pre-construction - parliamentary act approved 2021; construction start 2026, full commissioning target ~2028+",https://nunagreen.com/our-projects/vandkraftprojekt-i-diskobugten,"nunagreen.com (official: 21 MW, 3 turbines, >6 km tunnel, Qasigiannguit+Aasiaat supply, no dam, Ramsar EIA); hydropower-dams.com (Kangersuneq fjord location, 3 x 7 MW, 100 GWh/yr, Kuussuup Tasia reservoir, DKK 3.1B financing act); nunatsiaq.com 2021-11-16 (parliamentary approval of both projects); tradeinvest.gl (official investment promotion: Nuuk expansion + Disko Bay plant preparation); NAME DISAMBIGUATION: distinct from Ilulissat hydropower plant (22.5 MW) and from Buksefjord ARC-FAC-005; coordinates approximate (fjord-area centroid)",88,2026-08-24
ARC-FAC-007,"ON Power Hellisheidi Geothermal Expansion (Reykjavik Energy) - district heating 220->345 MWth + new 5 MWe production well (NIB EUR 32M / ISK 4,625M 10-yr loan; ISK 6,338M total project cost)",Iceland,"Hengill, SW Iceland (~11 km from Nesjavellir station)",64.0372,-21.4008,Industrial energy facility (geothermal CHP expansion under NIB Arctic Financing Facility 100%),"+125 MWth district-heating capacity for Reykjavik capital area (220->345 MWth); new production well with 5 MWe net electric output; ~75,000 MWh/yr additional renewable heat at peak demand; 100% climate-mitigation / NEB renewable-energy eligible; strengthens supply security amid 120 L/s annual peak hot-water demand growth","Utility infrastructure project (no open eligibility); owned/operated by ON Power (Orka naturrunnar), subsidiary of Orkuveita Reykjavikur (Reykjavik Energy)",ON Power (Orka naturrunnar) / Reykjavik Energy (Orkuveita Reykjavikur); financed by Nordic Investment Bank,Under construction/expansion 2025-2027 (loan signed 13 Apr 2026),https://www.nib.int/news/nib-supports-geothermal-power-production-increase-in-iceland,https://www.nib.int/news/nib-supports-geothermal-power-production-increase-in-iceland ; https://www.nib.int/loan/orkuveita-reykjavikur-81901 ; https://www.thinkgeoenergy.com/reyjkavik-energy-secures-eur-32m-loan-for-capacity-expansion-of-hellisheidi-geothermal-plant-in-iceland ; https://en.wikipedia.org/wiki/Hellishei%C3%B0i_Power_Station,95,2026-08-24
ARC-FAC-008,"Rosatom Shelf-M Small Nuclear Power Plant (ASMM) at Sovinoye Gold Deposit - transportable PWR nuclear battery, 10 MWe / 35 MWt (construction from 2027, physical start-up target 2030)",Russia,"Sovinoye gold deposit, Iultinsky District, Chukotka AO (Chukchi Sea coastal area; cf. ARC-PROG-303; coords approx.)",68.4500,-179.4000,Industrial energy facility (transportable small modular nuclear power plant powering remote Arctic mine),"World-first plant of its class: ultra-compact transportable pressurised-water 'nuclear battery' delivering up to 10 MWe electric / 35 MWt thermal; replaces diesel generation for Sovinoye full-cycle GOK (>100 t Au reserves, RUB 12B+ development); 2026-07 regulatory/techno-economic milestone secured viability + licensing roadmap (NEI); ARMZ (Atomredmetzoloto) + RAOS JSC cooperation framework; reported schedule: construction 2027, physical start-up 2030, commercial operation ~2032; self-cooling passive-safety design per developer claims",Single-customer industrial project (no public eligibility); strategic Rosatom Mining Division supply-chain vendors,RAOS JSC (Rosatom small-NPP sector integrator) with AO Rosatom Nedra / ARMZ Mining Division,Planning/licensed-development (site confirmed among five Arctic Shelf-M candidates 2024; 2026 viability milestone passed; construction planned from 2027),https://www.neimagazine.com/news/rosatom-advances-shelf-m-smr,"https://www.neimagazine.com/news/rosatom-advances-shelf-m-smr (NEI Magazine, 2026-07-17: 10 MWe/35 MWt, viability milestone) ; https://goarctic.ru/work/zolotodobyvayushchiy-proekt-rosatoma-na-12-mlrd-rubley-stal-rezidentom-azrf-chto-uskorit-razrabotku- (GoArctic 2026-06-19: 35 MWt ASMM for Sovinoye) ; https://www.world-nuclear-news.org/Articles/Shelf-M-project-being-developed-for-Sovinoye-gold (WNN 2023: ARMZ-RAOS agreement) ; https://www.neimagazine.com/news/rosatom-to-construct-10-mwe-shelf-m-to-power-chukotka-gold-mine-11442870 (five-site selection, Iultinsky District) ; NAME DISAMBIGUATION: Shelf-M (10 MWe transportable) DISTINCT from KLT-40S floating plant Akademik Lomonosov and from RITM-series SMRs (Yakutia land-based); coordinates approximate (deposit-area centroid)",88,2026-08-24
ARC-FAC-009,"MIGUNI LLC Anadyr Logistics Warehouse - AZRF Resident Project (RUB 52.5M; phase-1 200 m2 expanding to 1,200 m2 with container yard by 2029)",Russia,"Anadyr, Chukotka AO (near main transport corridors/nodes)",64.7314,177.4969,Logistics warehouse / cargo terminal (AZRF resident investment project under KRDV agreement),"High-tech logistics warehouse near Chukotka's main transport arteries; phase 1: 200 m2 building; staged expansion to 1,200 m2 via container platform; services: storage lease, loading, packing, transportation; RUB 52.5M planned investment; AZRF resident tax incentives fund construction + equipment; improves last-mile distribution for Russia's easternmost regional capital",Single-company industrial project (no open eligibility); AZRF resident MIGUNI LLC under investor agreement with KRDV,"MIGUNI LLC (OOO Miguni), AZRF resident; supported by KRDV AZRF investment-project department",Under construction (completion targeted by 2029),https://erdc.ru/news/v-anadyre-k-2029-godu-poyavitsya-logisticheskiy-sklad-nedaleko-ot-osnovnykh-transportnykh-magistrale,"https://erdc.ru/news/v-anadyre-k-2029-godu-poyavitsya-logisticheskiy-sklad-nedaleko-ot-osnovnykh-transportnykh-magistrale (official KRDV, 2026-07-22) ; https://news.ati.su/news/2026/08/16/novyj-sovremennyj-sklad-v-stolitse-chukotki-planirujut-sdat-v-ekspluatatsiju-do-2029-goda-218078 ; https://trans.ru/news/adaptirovannii-pod-surovie-usloviya-krainego-severa-na-chukotke-postroyat-mnogofunktsionalnii-logisticheskii-tsentr ; https://prochukotku.ru/news/prodovolstvie_i_torgovlya/v_anadyre_postroyat_mnogoprofilnyy_logisticheskiy_tsentr",90,2026-08-24
ARC-FAC-010,"RVB (Wildberries & Russ) Arkhangelsk Sorting Center - ~50,000 m2 AZRF Resident E-commerce Logistics Hub",Russia,"Arkhangelsk, Arkhangelsk Oblast (land plot selected in city)",64.5401,40.5433,E-commerce sorting/logistics center (~50K m2; AZRF resident investment project under KRDV agreement),"~50,000 m2 sorting center accelerating goods delivery into the Russian Arctic zone; AZRF resident status grants administrative preferences + tax incentives; part of RVB nationwide logistics build-out (Amur, Primorsky, Zabaykalsky projects operational pipeline; planned warehouses in Sakha (Yakutia), Buryatia, Sakhalin); Sept 2025 investment agreement signed by RVB head Tatyana Kim and Governor Alexander Tsybulsky; 292 AZRF residents operate in Arkhangelsk Oblast under KRDV agreements",Single-company industrial project (no open eligibility); AZRF resident RVB (United Company Wildberries & Russ) under KRDV agreement,RVB (Obedinennaya kompaniya Wildberries & Russ); partnership with KRDV + Government of Arkhangelsk Oblast,"Approved/site selected (resident status granted Jan 16, 2026; construction pending)",https://msp29.ru/news/novyj-rezident-azrf-kompaniya-rvb-postroit-v-arhangelske-logisticheskij-czentr,https://msp29.ru/news/novyj-rezident-azrf-kompaniya-rvb-postroit-v-arhangelske-logisticheskij-czentr ; http://www.metalinfo.ru/ru/news/180314 ; https://arh.mk.ru/economics/2026/01/16/v-arkhangelske-postroyat-krupnyy-logisticheskiy-centr-wildberries.html ; https://news.ati.su/news/2026/01/16/wildberries-postroit-sortirovochnyj-tsentr-v-arhangelskoj-oblasti-497771,90,2026-08-24
ARC-FAC-011,Arctic Slope Regional Corporation (ASRC) - Alaska largest Alaska-owned industrial/gov-contracting capability hub,USA,"1230 Agvik St, Utqiaġvik (Browerville), Alaska (HQ); Anchorage + nationwide ops",71.2920855,-156.7836743,Alaska Native regional corporation / Arctic industrial & government-contracting capability hub,"Largest owned-and-operated Alaskan company (~$5.7B revenue; ~14,000 Iñupiaq shareholders; ~12,000 employees); 6 business lines: gov contract services (ASRC Federal), petroleum refining & marketing, energy support services, industrial services (ASRC Industrial), construction (ASRC Construction), natural resource development; North Slope oil & gas service leadership via ASRC Energy Services",N/A - ANCSA regional corporation; acts as industrial partner/contractor (federal & 8(a) contract channel),ASRC / ASRC Federal / ASRC Energy Services / ASRC Industrial / ASRC Construction,ACTIVE,https://asrc.com,"asrc.com (official: largest Alaska-owned, $5.7B, 6 lines, Utqiaġvik HQ); asrcenergy.com (official: largest North Slope oil & gas service provider); asrcindustrial.com (official: ASRC Industrial family, environmental/industrial contracting). NAME DISAMBIGUATION: ASRC is DISTINCT from Ukpeaġvik Iñupiat Corporation (UIC) - a separate Utqiaġvik village/regional corp (~$531M, 70+ subsidiaries) - do not merge GIS-1123 densify: OSM Nominatim 1230 Agvik St Utqiaġvik lat=71.2920855 lon=-156.7836743 (off shared town centroid -156.7887,71.2906; distinct from UIC 1250 Agvik).",92,2026-09-08
ARC-FAC-012,Bering Straits Native Corporation (BSNC) - Nome Arctic logistics & federal-contracting capability hub,USA,"Nome, Alaska (HQ); Anchorage main business office",64.5011,-165.4064,Alaska Native regional corporation / Arctic logistics & government-contracting capability hub,"Regional ANC for Inupiat/Siberian Yupik/Central Yupik; manages 2M acres subsurface + 145K acres surface/subsurface estates; ~$39.6M revenue, ~321 employees; Arctic gateway to federal & commercial clients - gov contracting, Arctic logistics, base ops support, IT, procurement, professional services (BSPS), DoD logistics (Bering Straits Logistics Services/BSLS), comms (Arcticom, acquired 2013)",N/A - ANCSA regional corporation; contractor/partner channel (SBA 8(a) subsidiaries incl. Paragon Professional Services),BSNC / Bering Straits Logistics Services / BSPS / Arcticom / Paragon Professional Services,ACTIVE,https://beringstraits.com,"beringstraits.com (official: Nome HQ/Anchorage office, regional ANC, gov contracting + Arctic logistics); sites.beringstraits.com/bsls (official BSLS: DoD logistics, transportation, warehousing); arcticom.com (official: BSNC telecom subsidiary since 2013)",85,2026-08-24
ARC-FAC-013,"Ukpeaġvik Iñupiat Corporation (UIC) - Utqiaġvik (Barrow) Arctic industrial, marine-transport & federal-contracting capability hub",USA,"1250 Agvik St, Utqiaġvik (Browerville), Alaska (HQ); Anchorage + national/international ops",71.2921895,-156.7849046,Alaska Native Village Corporation (ANCSA) / Arctic industrial & marine-transport capability hub,"One of Alaska's largest private companies (~$531.4M revenue; ~4,400-4,700 employees; 70-74 subsidiaries across 25+ sectors); $3B backlog + ~$25B project backlog/pipeline; capabilities: government contracting (Bowhead/UISG for DoD & federal agencies), heavy civil & Arctic construction, oilfield services, marine transportation (Bowhead Transport, ice/tundra North Slope ops), environmental consulting & remediation, engineering (UMIAQ Design), manufacturing, IT, real estate; Forbes 2025 America's Best Midsize Employer; #9 Alaska Business Monthly 2025 Top 49ers by gross revenue; Utqiaġvik/Arctic village corporation for 3,800+ Iñupiat shareholders","N/A - ANCSA village corporation; acts as industrial/contractor & partner channel (SBA 8(a) certified Qayaq Government Solutions, LLC since 2018)","UIC / UIC Government Services (UICGS) / Bowhead Family of Companies / UIC Commercial Services (UMIAQ Design, Siku Construction) / Qayaq Government Solutions",ACTIVE,https://uicalaska.com,"uicalaska.com (official: 74 subsidiaries, ~4,700 employees, $3B backlog, marine transport, Arctic construction, Barrow/Utqiaġvik); bowhead.com (official: UIC parent of Bowhead/UISG, DoD & federal gov services, marine ops, Springfield VA); linkedin.com/company/uicak (independent: 70+ subsidiaries, 25+ sectors, ~4,400 employees, $531.4M revenue, Forbes 2025 Best Midsize Employer, #9 AK Business Monthly 2025 Top 49ers). NAME DISAMBIGUATION: UIC is the Utqiaġvik VILLAGE corporation - DISTINCT from Arctic Slope Regional Corporation (ARC-FAC-011), the North Slope REGIONAL corporation, and from Kaktovik Holdings/Kaktovik Iñupiat Corporation and Inupiat Community of the Arctic Slope; do not merge GIS-1123 densify: OSM Nominatim 1250 Agvik St Utqiaġvik lat=71.2921895 lon=-156.7849046 (off shared town centroid; ~45m from ASRC 1230 Agvik).",92,2026-09-08
ARC-FAC-304,"Sokli Mining Project (Finnish Minerals Group) - Lapland Phosphate, Iron & REE Pilot Mine + Concentrator",Finland,"Savukoski, Eastern Lapland",67.8060,29.2800,Industrial critical-minerals mining project (pilot mine + pilot concentrator; feasibility/permitting phase),"EUR 65M state capitalisation (Government of Finland, 12 Feb 2026) to Finnish Minerals Group to advance Sokli: 2026-2028 feasibility study incl. building a pilot mine and pilot concentrator; targets phosphate + iron concentrates production 2027-2029 and examines potential for vermiculite, niobium and rare earth elements; Sokli phosphate reserves estimated at ~1/5 of EU phosphate needs; Sokli deposit in Savukoski = one of Europe's most significant sources of REE; environmental permitting begins with EIA launched 2026, separate pilot-operations permit decision expected summer 2026; EU Critical Raw Materials Act strategic-project status applied Jan 2026; strengthens EU phosphate + critical-minerals security in the High North",Finnish Minerals Group (fully state-owned special-assignment company) / Sokli Oy; minerals produced for EU CRMA critical-raw-materials + phosphate security,Finnish Minerals Group (state-owned) / Sokli Oy; Government of Finland (Ministry of Economic Affairs and Employment),ACTIVE (feasibility + pilot phase 2026-2028; production target 2027-2029; EIA launched 2026),https://valtioneuvosto.fi/en/-/state-to-capitalise-finnish-minerals-group-with-eur-65-million-to-advance-sokli-mining-project,"valtioneuvosto.fi press release 62/2026 12.2.2026 (official Finnish Government: EUR 65M capitalisation, feasibility study 2026-2028 incl. pilot mine + concentrator, phosphate 1/5 EU, REE, production 2027-2029, EIA 2026); sokli.fi/en/topical (official Sokli Oy: EU CRMA strategic-project application Jan 2026, next phase); yle.fi/a/74-20210142 (Finnish state broadcaster: EUR 65M state firm REE/phosphate); miningmetalnews.com + rareearthexchanges.com (independent: EUR 65M, pilot phase, phosphate-first)",89,2026-08-24
ARC-FAC-305,Svalbard Energi AS — Longyearbyen power & district-heat utility (coal→diesel→renewables),Svalbard (Norway),Longyearbyen,78.2465,15.4920,Industrial energy facility / municipal power & district-heat utility,"2023 coal→diesel transition after legacy coal-plant decommissioning; >1.2B NOK planned investment over 3-4 yrs toward renewables (wind, solar, seawater heat pumps) with diesel as bridging; owns/operates Longyearbyen electricity + district heating; air-quality monitoring; critical energy backbone for Svalbard main port/logistics hub",n/a (state-supported utility within Store Norske group; supplies Longyearbyen),Svalbard Energi AS (Store Norske government-owned group),ACTIVE — energy-system modernisation 2023-2027+; coal-to-diesel completed 2023; renewables build-out in progress,https://svalbard-energi.no,"svalbard-energi.no (official: founded 2023, electricity + district heating + air-quality services, HQ Longyearbyen); snsk.no (official Store Norske state-owned group: responsible for safe reliable electricity/district heating, coal→diesel 2023, >1.2B NOK investment toward renewables); regjeringen.no (official Norwegian govt Svalbard energy context)",85,2026-09-08
ARC-FAC-306,Sitnasuak Native Corporation (SNC) — Nome bulk-fuel storage & logistics terminal,USA (Alaska),Nome,64.4998,-165.4035,Industrial fuel-storage / logistics terminal + ANCSA village-corporation economic engine,"Bulk fuel storage & distribution, logistics, real-estate for Bering Strait communities; ~$130M annual revenue, 1,200+ employees across ~15 subsidiaries; $4.5M US Dept of Commerce EDA grant (Sept 2024) for economic development; critical fuel/energy supply chain for Nome deep-water-port build-out & rural Western Alaska",n/a (Alaska Native corporation economic-development enterprise; federal/EDA-funded capacity),"Sitnasuak Native Corporation (SNC; HQ 214 Front St, Nome, AK)",ACTIVE — fuel/logistics + economic-development; EDA-funded capacity expansion 2024-2025,https://snc.org,"snc.org (official: NAICS fuel storage & distribution, logistics, 1,200 employees/15 subsidiaries, ~$130M revenue, $4.5M EDA grant 2024-09-24); eda.gov (official US Economic Development Administration — Alaska grant recipient); commerce.alaska.gov (official Alaska DCCED arctic econ-dev context); rafs.net + shoresidepetroleum.com (independent Alaska rural/fuel-distribution context)",80,2026-09-08
ARC-FAC-307,Varanger KraftHydrogen AS Berlevåg Green Hydrogen Plant + Raggovidda (Haeolus),Norway,"Berlevåg, Øst-Finnmark (Raggovidda wind farm site; grid-constrained region)",70.8610,29.0983,"Industrial energy facility (green hydrogen / electrolysis, wind-integrated)","Carbon-free hydrogen produced from Raggovidda wind via electrolysis (2.5 MW electrolyser + hydrogen compressors + storage); NIB NOK 50M (EUR 4.3M) loan financing ~44% of project; EU Clean Hydrogen Partnership Haeolus ~EUR 6.9M (two 2 MW electrolysers - one alkaline one PEM - storage + fuel cell re-electrification); balances Varanger grid leveraging ~50% load-factor Raggovidda wind; targets hydrogen for maritime + terrestrial transport and green ammonia (Green Ammonia Berlevåg); Raggovidda Step 3 wind concession (103.0 MW, 350.20 GWh) under Varanger KraftHydrogen; addresses Øst-Finnmark grid capacity constraint (Statnett: limited to 1 MW new connections until >=2032)","Industrial/institutional offtakers & regional consumers; Varanger KraftHydrogen AS is the project company (concession holder for Raggovidda trinn 3); Haeolus consortium (SINTEF-led 2018-21, partners Hydrogenics Europe/Tecnalia/Univ Sannio/Varanger Kraftwind); research + demonstration focus","Varanger KraftHydrogen AS (subsidiary of Varanger Kraft, municipal-owned northern Norway utility est. 1938)",ACTIVE/DEVELOPING (Haeolus demo completed; Raggovidda trinn 3 concession active; NIB-funded 2.5 MW electrolyser + H2 production; grid-constrained expansion toward 100 MW off-grid supply),https://www.varanger-kraft.no/hydrogen/,"varanger-kraft.no/hydrogen (official Varanger KraftHydrogen: carbon-free H2 from wind via electrolysis, Haeolus R&D program, 100% renewable locally produced); varanger-kraft.no/produksjon/vindkraft/raggovidda-vindkraftverk (official: Varanger KraftHydrogen subsidiary, Raggovidda, green hydrogen); news.europawire.eu (NIB-Varanger Kraft: NOK 50M/EUR 4.3M ~44% of project, 2.5 MW electrolyser, Raggovidda ~50% load factor, regional use by late 2024); clean-hydrogen.europa.eu Haeolus (official EU: two 2 MW electrolysers, storage, fuel cell, ~EUR 6.9M / ~EUR 5.0M EU share); nve.no concession id=5119 (official NVE: Raggovidda trinn 3, 103.0 MW / 350.20 GWh, Varanger KraftHydrogen concession holder); energiteknikk.net 2026-04 (100 MW off-grid wind-to-H2 plan, Statnett 1 MW cap until 2032). NAME DISAMBIGUATION: DISTINCT from Sør-Varanger/Kirkenes area entities and from Grangex Sydvaranger mine (ARC-FAC-004) - separate companies/locations",88,2026-08-24
ARC-FAC-308,Evenes Industrial Seaport (EIS) — Strategic Maritime Hub for the High North,Norway,"Liland/Evenes, Nordland (near Harstad/Narvik; ~6 km from Evenes Airbase)",68.4940,16.6650,Industrial seaport / dual-use strategic logistics facility (private development under NATO RSOM),"Modern port adjacent to Evenes Airbase + Harstad/Narvik Lufthavn, E10 road + Ofotbanen/Malmbanen rail access; secure mountain-storage facilities; ~300,000 sq m (75 acres) across multiple cadasters under security umbrella; reception, transloading and onward movement of logistics aligned to NATO RSOM (Reception, Staging, Onward Movement) standards; dual-use military + commercial (NATO/US force support in the High North; Norway's host-nation-support concept); Aker Nscale Innovation Centre Narvik (NOK 100M/10-yr AI research with UiT) anchored at Kvandal site; connects Narvikterminalen Nord-Norge freight hub (E6, E10, Ofotbanen, TEN-T Core, Northern Axis) to large-volume cargo, vehicle, aircraft and supply throughput","Defence-sector and dual-use logistics anchors (NATO, US forces, military-industry), plus commercial maritime/industrial tenants; Norwegian-owned (Sea-Wave Invest AS 40%, Ninjafabrikken AS 25%); zoned for industrial + port use",Evenes Industrial Seaport AS (org. 933 846 830; board chair Aleksander Viksund; co-founder Jann K. Lindberg),"DEVELOPING (founded 2024-06-18; Kvandal groundbreaking 2026 with Minister of Digitalization Karianne Tung, Microsoft Norway, Nvidia, UiT; Aker Nscale Innovation Centre announced; pre-revenue development)",https://www.evenes-seaport.no/,"evenes-seaport.no (official EIS: strategic maritime hub High North, near Evenes airbase, security umbrella, ~300,000 sq m / 75 acres, ~6 km from airbase, dual-use); evenes-seaport.no/jann-k-lindberg (official board profile + co-founder background); cbinsights.com (EIS: port + underground mountain storage, NATO RSOM standards, founded 2024); proff.no org 933 846 830 (official Norwegian registry: founded 2024-06-18, NACE 68.2X leasing/port services, share capital NOK 1,793,000, address Nervien 251 Liland); linkedin.com/posts/evenes-industrial-seaport (Kvandal milestone: Minister Tung, Microsoft Norway, Nvidia, UiT, Aker Nscale NOK 100M/10yr); narvikhavn.no/en/knutepunkt-narvik (official Narvik Havn: Narvikterminalen Nord-Norge freight hub, E6/E10/Ofotbanen, TEN-T Core, Northern Axis). NAME DISAMBIGUATION: DISTINCT from Narvik Havn terminal (separate municipal port) and from Evenes municipality area plan - EIS is the private seaport/industrial development at Kvandal/Liland",84,2026-08-24
ARC-FAC-309,Arctic World Archive (AWA) - Piql long-term digital preservation vault,Norway (Svalbard),"Longyearbyen, Svalbard (Gruve 3 former mine)",78.2384,15.4446,"Data-preservation / long-term digital archive facility (nonprofit, UNESCO-aligned)","Deep-permafrost former coal-mine (Gruve 3) location gives climate-stable, high-security, disaster- and breach-resistant storage; Piql offline media rated for centuries; accepts international institutional deposits (world memory, cultural heritage, national data, music/museum archives); serves global disaster-resilience and sovereign-data-preservation goals","Institutions, governments, archives, museums, cultural and research bodies; nonprofit operators; partner deposit programs (no commercial walk-up service)","Arctic World Archive (AWA) nonprofit (HQ Gruve 3, Longyearbyen + Drammen office); Piql AS provides the offline storage technology",ACTIVE (founded 2017; UNESCO cooperation agreement signed Feb 2026; 2026 international deposit ceremony; ongoing deposits incl. music archives),https://arcticworldarchive.org/,"arcticworldarchive.org (official AWA: Gruve 3 Longyearbyen, permafrost vault, UNESCO cooperation, world-memory deposits, founded 2017, Piql; piql.com (official Piql: OAIS-compliant long-term storage, partner on AWA, 2026 Svalbard deposit demo); unesco.org (UNESCO digital-preservation mandate, cooperation context). NAME DISAMBIGUATION: distinct from Svalbard Museum (cultural/natural museum) and from SIOS (earth observation) - AWA is the permafrost data vault",86,2026-09-08
ARC-FAC-310,Where2O AS (now Tilsig AS) - Arctic IoT hydro/water-level measurement & Longyearbyen tech hub,Norway (Svalbard),"Longyearbyen, Svalbard (innovation office; Larvik HQ)",78.2238,15.6350,IoT instrumentation company (water-level/hydro measurement; supports Svalbard innovation hub),Low-power IoT water-level measurement stations instrument river systems for hydropower modelling; turnkey install/provisioning/calibration/maintenance/data-logistics; D3 measurement node works in remote/off-grid/limited-mobile areas; advances Longyearbyen as an Arctic tech-hub for water measurement; supports Norwegian hydropower sector and Arctic observing,"Hydropower operators, water authorities, research bodies; private-scale IoT deployments; remote/polar sites","Where2O AS (founded 2021; now branded Tilsig AS - HQ Larvik, innovation office Longyearbyen)",ACTIVE (small private company; innovation office in Longyearbyen; participating in Svalbard/regional energy & data discussions),https://where2o.com/,"where2o.com (official Where2O: Longyearbyen HQ, IoT water measurement stations, hydro modelling, turned-key service, 7 employees, founded 2021); tilsig.com (official Tilsig AS formerly Where2O: HQ Larvik + Longyearbyen innovation office, D3 low-power water-level node, remote/poorly-connected operation). NAME DISAMBIGUATION: Tilsig AS is the renamed Where2O (no relation to other Norwegian IoT risers like Divako, Soolo, Xepto; and distinct from Svalbard Energi the power producer)",80,2026-09-08
ARC-FAC-311,"Global Music Vault - Longyearbyen music preservation vault (1,000-yr medium)",Norway (Svalbard),"Longyearbyen, Svalbard (HQ; Oslo office)",78.2370,15.4500,Cultural-heritage music preservation vault (private nonprofit; Longyearbyen),"Purposes-built digital medium rated for >1,000 years to safeguard world music (indigenous to contemporary); long-term reliable accessibility; complements the broader Svalbard data-vault ecosystem (part of the same Longyearbyen preservation cluster); supports cultural heritage and disaster-resilient archiving","Music/audio rights-holders, national archives, cultural institutions, artists (deposit program; not a public listening service)",Global Music Vault (founded 2020; HQ Longyearbyen; distributed UK/Norway/SE team),ACTIVE (founded 2020; deposits and preservation programme; co-located in Longyearbyen preservation ecosystem with AWA),https://globalmusicvault.com/,"globalmusicvault.com (official Global Music Vault: founded 2020, HQ Longyearbyen + Oslo office, >1,000-year medium, world-music preservation, distributed UK/Norway/SE team); arcticworldarchive.org (official AWA context: Svalbard permafrost vault accepts music/cultural deposits - the preserved music vault ecosystem). NAME DISAMBIGUATION: distinct from Rockheim / Ringve / Music Archive Finland (national museums not Svalbard-based); GMV is the Longyearbyen-specific music vault",78,2026-09-08
ARC-FAC-312,Kystutviklingssenteret (Coastal Development Centre) — Kirkenes innovation & competence hub,Norway,Kirkenes (Øst-Finnmark),69.7275,30.0520,Innovation/competence centre (coastal green-tech & value-creation),"3M NOK national pilot (KDD) focused on coastal competence & value creation and green technology; builds national network of coastal development centres; partners NTNU 'Hav og Kyst', UiT, AHO; VR-centre project at Nothing Hill (Kirkenes); countering depopulation & sanctions-driven restructuring","Driven by Sør-Varanger Utvikling (SVU) with NTNU, UiT, AHO and national government (KDD) funding; regional stakeholder co-ownership",Sør-Varanger Utvikling AS / Kystutviklingssenteret,Pilot / active,https://www.kystutviklingssenter.no/,https://www.regjeringen.no/no/aktuelt/skal-teste-ut-kystutviklingssenter/id2931480/ ; https://sorvarangerutvikling.no/2022/12/02/ledig-stilling-som-prosjektleder-for-kystutviklingssenter/ ; https://www.kystutviklingssenter.no/nb/resultater/,88,2026-09-08
ARC-FAC-313,Statlig beredskapshub (State Emergency Preparedness Hub) — Kirkenes,Norway,Kirkenes,69.7300,30.0410,State security/emergency-preparedness hub (2026 budget proposal),"5M NOK pilot/startup line in 2026 state budget for a state preparedness hub in Kirkenes; strengthens total-beredskap, coastal & territorial readiness in Øst-Finnmark; anchored in Nordområdestrategien + Totalberedskapsmelding; coordinates with Øst-Finnmark municipalities",State project (regjeringen) under Ministry of Justice / DSB coordination; regional coordination with Øst-Finnmark municipalities,Norwegian state (regjeringen) / DSB,Proposed / planned (2026 budget),https://www.regjeringen.no/no/aktuelt/regjeringen-styrker-arbeidet-med-sikkerhet-og-beredskap/id3122316/,https://www.regjeringen.no/no/aktuelt/regjeringen-styrker-arbeidet-med-sikkerhet-og-beredskap/id3122316/ ; https://www.highnorthnews.com/politikk/105-millioner-kroner-til-styrking-av-ost-finnmark/150182,85,2026-09-08
ARC-FAC-314,KILA — Kirkenes Industrial Logistics Area AS (Tschudi) — Sør-Varanger industrial & logistics hub,Norway,Kirkenes (Sør-Varanger),69.7220,30.0550,Industrial logistics area / port-linked commercial & industrial land,"Industrial/commercial area in Kirkenes & Sydvaranger industroområde; parent Tschudi Kirkenes AS (established 2004, Org 986 879 781); supported næringsareal development (part of Øst-Finnmark package); designated E6/Slambanken access route to move heavy freight off town centre; anchors Kirkenes as Barents-region transport/logistics hub",Private AS (Org 986 879 781; parent Tschudi Kirkenes AS); industrial/commercial tenants; municipal næringsareal framework,KILA AS / Tschudi Kirkenes AS (dir. Audun Celius; chairman Felix Tschudi),Active (ongoing development),https://www.regnskapstall.no/informasjon-om-kirkenes-industrial-logistics-area-as-100993380S0,https://www.regnskapstall.no/informasjon-om-kirkenes-industrial-logistics-area-as-100993380S0 ; https://www.highnorthnews.com/politikk/105-millioner-kroner-til-styrking-av-ost-finnmark/150182 ; https://www.vegvesen.no/vegprosjekter/europaveg/kirkenes/ | GIS-2026-09-07 densify: KILA industrial area S of Kirkenes centrum 69.7220/30.0550 (distinct from town centroid + Gamneset),86,2026-09-07
ARC-FAC-315,"Arctic LNG 1 Sabetta remote cargo terminal (Geofizicheskoye field, artificial land plot)",Russia,"Sabetta / Gydan Peninsula, Yamalo-Nenets AO",71.2560,72.0520,Oil & gas condensate cargo terminal,1.6 Mt/yr terminal for construction material & equipment; expands NSR cargo capacity via Sabetta; serves Geofizicheskoye condensate field,Novatek Arctic LNG 1; govt decree 1250-r (Mishustin 2024-05-23) approved artificial plot; construction begins mid-2026,Novatek (Arctic LNG 1),Under construction (design complete; build mid-2026),,https://interfax.com/newsroom/top-stories/102667/ ; https://seanews.ru/en/2024/05/28/en-sabetta-port-territory-expansion/ ; https://russiaspivottoasia.com/sabetta-seaport-to-expand-cargo-terminal-due-to-nsr-demands/,85,2026-08-25
ARC-FAC-316,Rosatom Western Transport & Logistics Hub — reoriented to Murmansk Sea Fishing Port (51 ha),Russia,Murmansk Sea Fishing Port (Tralovaya) — Rosatom Western TLU reoriented site,68.9610,33.0450,NSR transport & logistics hub,Western TLU reoriented from Belokamenka transit hub to Murmansk for export-import cargo (not transit); ~51 ha on Murmansk Sea Fishing Port infrastructure; DP World x Rosatom JV (International Container Logistics) retains ownership,DP World x Rosatom JV; supports Murmansk as NSR logistics hub; Rosatom lowered 2030 NSR forecast to 117 Mt,Rosatom / DP World (International Container Logistics),Reoriented 2026-05,,https://www1.ru/en/news/2026/05/28/rosatom-perenes-port-dlia-sevmorputi-iz-za-nexvatki-tranzitnogo-gruza.html ; https://international.citymurmansk.ru/en/news/2026/06/08/1630/ [gis-densify-0938: Murmansk Fishing Port / Tralovaya district (reoriented Western TLU on fishing-port infra; www1.ru + City Murmansk)],80,2026-09-08
ARC-FAC-317,Azane Fuel Solutions / Azane Infrastructure AS — Norwegian Coastal Ammonia Bunkering Terminal Network (Florø / Stavanger-Risavika / Mongstad),Norway,Mongstad (primary hub),60.82,5.03,Zero-emission maritime fuel infrastructure (ammonia bunkering terminals),"NOK 442M ENOVA grant (Dec 2025); 3 ammonia bunkering terminals (Florø, Stavanger/Risavika, Mongstad) each 2,000 cbm refrigerated ammonia, bunkering rates >100 t/hour; operational by 2029; enables zero-emission coastal/offshore + North Atlantic/Arctic corridor shipping; part of Enova plan to fund ammonia & hydrogen bunkering infrastructure + new vessels; supports Norway green-maritime competitiveness",Maritime carriers & ports adopting ammonia fuel; ENOVA-supported infrastructure; coastal/offshore shipping in Norwegian + North Atlantic waters,Azane Infrastructure AS (subsidiary of Azane Fuel Solutions),In development (ENOVA grant awarded Dec 2025; operational target 2029; pending final investment decision),https://azanefs.com/,"azanefs.com 'Azane Infrastructure AS Secures ENOVA Grant of NOK 442 million' (OFFICIAL company); shipandbunker.com 'Azane Funding Paves Way for Norwegian Ammonia Bunkering Terminals by 2029' (independent); ammoniaenergy.org 'Further government support for ammonia bunkering' (independent, Risavika hub by Iverson Fuels + Port of Stavanger + ASCO Norge + St1); engine.online (Enova grant NOK 442M / $43M, each terminal 2,000 cbm, >100 t/hr, 2029); enova.no (Enova = Norwegian government enterprise under Ministry of Climate & Environment — funder). NAME DISAMBIGUATION: distinct from Varanger KraftHydrogen (Berlevåg green H2), Höegh Evi floating ammonia-to-hydrogen cracker (Stord), Norwegian Hydrogen (Ålesund), and Azane parent ECOnnect Energy. Pin at Mongstad hub (60.82,5.03); network termini Florø (61.60,5.03) & Stavanger/Risavika (58.97,5.73).",88,2026-08-25
ARC-FAC-318,Nytt sjøfibersamband til Svalbard og Jan Mayen (New submarine fibre-optic connection to Svalbard & Jan Mayen),Norway (Svalbard & Jan Mayen),"Longyearbyen, Svalbard (cable landing / main Arctic terminal)",78.2275,15.6080,National infrastructure investment — submarine fibre-optic cable (digital connectivity / telecom),"NOK 780.5M budget allocation (2026 national budget, budget line 32 'Nytt sjøfibersamband til Svalbard og Jan Mayen') for a new subsea fibre link serving Svalbard and Jan Mayen; strengthens sovereign digital/telecom connectivity for Arctic communities, research institutions (UNIS, Norwegian Polar Institute) and maritime/early-warning monitoring; reduces reliance on satellite links; supports Arctic security, science and long-term economic resilience","National infrastructure project (public funding via the Norwegian state budget); benefits Svalbard & Jan Mayen communities, research institutions and public agencies; not an individual/company grant",Norwegian state (Ministry of Local Government and Regional Development / Kommunal- og distriktsdepartementet) via the national budget,"ACTIVE/PLANNED (2026 national budget, Innst. 8 S (2025-2026) budget line 32, NOK 780.5M)",https://www.stortinget.no/no/Saker-og-publikasjoner/Publikasjoner/Innstillinger/Stortinget/2025-2026/inns-202526-008s,stortinget.no Innst. 8 S (2025-2026) (OFFICIAL Norwegian Parliament budget recommendation — line 32 'Nytt sjøfibersamband til Svalbard og Jan Mayen' NOK 780 500 000); regjeringen.no 'Svalbard i revidert nasjonalbudsjett 2026' (OFFICIAL government — Svalbard budget +NOK 72.3M context); highnorthnews.com (independent arctic media — Svalbard budget strengthening & electricity/district-heating price support). NAME DISAMBIGUATION: distinct from ARC-FAC-* Svalbard polar stations and ARC-PROG-136 (Svalbard freight subsidy) — this row is the submarine fibre-optic cable infrastructure allocation,78,2026-09-08
ARC-FAC-319,Stegra (H2 Green Steel) Green Hydrogen & Green Iron Plant — Europe's largest 700 MW green hydrogen plant,Sweden,"Stegra stalverk / green steel plant site, Sodra Svartbyn, Boden",65.8096,21.7941,Industrial energy/steel facility (green hydrogen -> green iron),"700 MW green hydrogen plant (Europe's largest); >100,000 t/yr green hydrogen powered by 100% renewable hydropower/wind using Lule River water; integrated green iron for near-zero-emission steel; closed a EUR 1.4B financing round; designated a Strategic Net-Zero Project by Swedish growth agency Tillvaxtverket; new rail link to Boden Industrial Park + Green Cargo freight management; supports Norrbotten Arctic-region export capacity via the nearby Lulea port corridor",B2B industrial; green hydrogen / green iron / green steel offtakers; integrated hydrogen-to-iron-to-steel supply chain,Stegra (Boden + Stockholm),ACTIVE (ramp-up/construction; EUR 1.4B financing closed; Europe's largest green hydrogen plant),https://stegra.com/,"stegra.com (official: 700 MW green hydrogen plant, >100,000 t/yr green hydrogen, EUR 1.4B financing, Strategic Net-Zero Project by Tillvaxtverket, rail link to Boden Industrial Park / Green Cargo freight); portlulea.com (Lulea Hamn new loading zone + rail/sea corridor linking Lulea with Boden (Stegra), Arctic export capacity); malmporten.se (Projekt Malmporten deep-water expansion serving green-steel export). NAME DISAMBIG: distinct from Boden 'Circular Resilient Arctic Food' programs (ARC-PROG-110/-200) and from ARC-PORT-125 Lulea deep harbour - this is the Stegra company/facility producing green hydrogen+iron at Boden. [gis-densify-0938: OSM landuse=construction STEGRA stalverk Boden (Sodra Svartbyn)]",87,2026-09-08
ARC-FAC-320,Lulea Industripark (Lulea Industrial Park) — Swedish green industrial transformation cluster,Sweden,"Lulea, Norrbotten",65.5848,22.1567,Industrial cluster/zone (fossil-free green manufacturing & mineral processing),"Government-backed cluster (Lulea kommun + Region Norrbotten + industry/academia) driving fossil-free, electrified, circular mineral processing: SSAB announced a new fossil-free steel plant at the park (2024); Power2Earth fossil-free ammonia & fertilizer plant (Fertiberia, Lantmannen, Nordion Energi); LKAB-led fossil-free electrified circular mineral refining standard; large-scale projects at Lulea Harbour (incl. ARC-PORT-125 new deep harbour to 160,000-t displacement) growing Arctic export capacity; collaboration with Lulea University of Technology","Industrial tenants/investors in fossil-free metallurgy, green hydrogen, ammonia, mineral processing; nationally strategic green-transition projects",Lulea kommun (municipally owned & developed with industry and academic partners),"ACTIVE (ongoing 2026; SSAB fossil-free plant, Power2Earth, LKAB projects)",https://www.lulea.se/special/lulea-industrial-park/projects-in-lulea-industrial-park.html,"lulea.se special/lulea-industrial-park/projects-in-lulea-industrial-park.html (OFFICIAL Lulea Municipality: 'Port of Lulea. A new deep harbour that will allow vessels displacing up to 160,000 tonnes'; SSAB fossil-free steel plant 2024, Power2Earth ammonia, LKAB); linkedin.com/company/lulea-industripark (municipally owned & developed, large-scale projects at Lulea Harbour, LKAB/SSAB/universities); northswedenbusiness.com (regional green-industry cluster context); malmporten.se (Trafikverket/Sjofartsverket/Lulea Hamn collaboration). NAME DISAMBIG: distinct from Projekt Malmporten deep harbour (ARC-PORT-125) and from ARC-FAC-319 Stegra (Boden) - this is the Lulea municipality industrial-park cluster/platform.",80,2026-08-25
ARC-FAC-321,ETFuels Finland — Ranua Näätäaapa e-methanol plant (Business Finland €118.6M clean-transition tax credit),Finland,"Ranua, Lapland (Näätäaapa)",65.9300,26.5100,Green e-fuel / e-methanol industrial facility (green hydrogen + biogenic CO2),"Planned 110,000 mt/yr renewable-hydrogen-based e-methanol facility in Finland's Näätäaapa, Ranua; powered by ~300 MW renewable wind + battery storage, using biogenic CO2 feedstock; awarded up to €118.6M ($140M) Business Finland investment tax credit (among largest awarded under the Clean Transition programme); supports shipping/aviation green-fuel supply & Nordic renewable-fuel export; developed in partnership with Neova Oy (Finnish state-owned land & energy company, ~60,000 ha); early engineering stage, tax credit de-risks progression to development/financing",Maritime & aviation green-fuel offtakers; industrial hydrogen/e-methanol value chain investors; ETFuels project development,ETFuels Finland Oy (private) + Neova Oy (state-owned partner),ACTIVE (development; Business Finland tax credit awarded 2026),https://et-fuels.com/,"https://et-fuels.com/article-etfuels-finnish-credit (official ETFuels: €118.6M Business Finland tax credit, 110 ktpa e-methanol, ~300MW wind + battery + biogenic CO2, Neova Oy partnership); https://www.engine.online/news/finnish-government-backs-etfuels-e-methanol-project-77db (independent: €118.6M/$140M investment tax credit, 110,000 mt/yr, Ranua Näätäaapa, 300MW wind); https://www.h2-view.com/story/etfuels-secures-e118-6m-finnish-tax-break-for-e-methanol-plant/2137849.article (independent: €118.6M tax credit, Ranua, 110,000 tonnes green-hydrogen e-methanol)",90,2026-08-25
ARC-FAC-322,Plug Power Finland — Kristinestad green hydrogen plant + green DRI/HBI (3-plant 2.2 GW program),Finland,Kristinestad (Kristinestad),62.2700,21.4400,Green hydrogen / direct-reduced-iron (DRI) industrial facility cluster,"Plug Power plans three green-hydrogen production plants in Finland (850 tpd / 2.2 GW electrolyser capacity by end of decade, FID 2025/26); Kristinestad site: ~1 GW electrolyser near former coal plant producing green hydrogen for green steel (2.0 mt/yr DRI/HBI) exported from the Port of Kristinestad; partners Hy2Gen (green ammonia/e-fuels/methanol) and GravitHy (green DRI for steel decarbonisation); MoUs with Fingrid (grid) + Gasgrid (hydrogen infrastructure); ~1,000 direct + >3,000 indirect jobs; supports Bothnian Bay green-electricity/hydrogen backbone & Finland 2035 carbon neutrality","Green-steel & DRI offtakers; ammonia/e-fuels investors (Hy2Gen, Hy24, Mirova, CDPQ, Technip Energies, Trafigura); industrial hydrogen value chain",Plug Power Inc. (US) + Hy2Gen AG + GravitHy (partners),ACTIVE (development; FID 2025/26 target),https://www.plugpower.com/,"https://www.offshore-energy.biz/plug-power-plans-three-green-hydrogen-production-plants-in-finland (independent: 850 tpd / 2.2 GW, Kristinestad 1 GW for green steel 2.0 mt/yr DRI, Hy2Gen ammonia, GravitHy DRI, Fingrid/Gasgrid MoUs); https://bunkermarket.com/plug-to-establish-three-green-hydrogen-plants-in-finland (independent: three plants, 850 tpd / 2.2 GW, Kristinestad near former coal plant, 2.0 mt/yr DRI/HBI export from Port of Kristinestad, ~1,000 direct jobs); https://esgnews.com/plug-power-plans-6-billion-hydrogen-projects-in-finland (independent: ~$6B Hydrogen projects, Hy2gen backed by Hy24/Mirova/CDPQ/Technip/Trafigura)",85,2026-08-25
ARC-FAC-323,"Promstroyarktik Bilibino Logistics Terminal (NSR eastern gateway, Chukotka AO)",Russia,Bilibino (Chukotka AO),68.0617,166.4400,"Arctic logistics / multimodal cargo terminal (AZRF resident, FEDC)","New ~3,000 t/month (~36,000 t/yr) multimodal logistics terminal in Bilibino, Chukotka; outdoor + indoor storage for receiving/shipping/transshipment; links NSR sea traffic to Arctic road transport chain ('Arctic trucking'); supports year-round NSR shipments of food, construction materials & fuel; lowers logistics cost & accelerates Arctic delivery; creates local jobs; AZRF resident preferential tax treatment under FEDC",NSR cargo shippers & Arctic trucking operators supplying Chukotka (Bilibino & remote eastern-Arctic communities),Promstroyarktik LLC (wholly owned by Igor Makeyev; founded Mar 2024 in Bilibino; CEO Zalikha Kurbanova; FEDC Arctic-Zone resident; supported by Chukotka Gov. Vladislav Kuznetsov),Under construction / opening 2026,https://interfax.com/newsroom/top-stories/103592/,"https://interfax.com/newsroom/top-stories/103592/ (Interfax: 3,000 t/month each, FEDC resident, Chukotka Gov. Kuznetsov & CEO Kurbanova, founder Igor Makeyev); https://russiaspivottoasia.com/northern-sea-route-to-have-new-eastern-and-western-logistics-terminals/ (36,000 t/yr, Arctic Free Trade Zone tax preference, multimodal, opening 2026)",80,2026-08-25
ARC-FAC-324,"Promstroyarktik Arkhangelsk Logistics Terminal (NSR western gateway, White Sea)",Russia,Arkhangelsk (White Sea),64.5400,40.5500,"Arctic logistics / multimodal cargo terminal (AZRF resident, FEDC)","New ~3,000 t/month (~36,000 t/yr) multimodal logistics terminal in Arkhangelsk; outdoor + indoor storage; transshipment between NSR sea traffic & Arctic road transport; supports year-round NSR shipments of food, construction materials & fuel; lowers logistics cost, accelerates Arctic delivery, creates jobs; AZRF resident preferential tax treatment; complements NewNew Shipping NSR calls & Arkhangelsk deep-water port zone (ARC-PORT-073)",NSR cargo shippers & Arctic road-transport operators supplying Northwest Russia / White Sea & NSR-bound cargo,Promstroyarktik LLC (wholly owned by Igor Makeyev; CEO Zalikha Kurbanova; FEDC Arctic-Zone resident),Under construction / opening 2026,https://interfax.com/newsroom/top-stories/103592/,"https://interfax.com/newsroom/top-stories/103592/ (Interfax: 3,000 t/month each, FEDC resident, dual Bilibino + Arkhangelsk terminals); https://russiaspivottoasia.com/northern-sea-route-to-have-new-eastern-and-western-logistics-terminals/ (36,000 t/yr, Arctic Free Trade Zone tax preference, multimodal, opening 2026)",80,2026-08-25
ARC-FAC-325,Northern Green Fuels Oy Paltamo biomethanol plant — 'Project Hybrid' (renewable H2 + renewable fuel production),Finland,Paltamo (Kainuu),64.4058,27.837,"Industrial energy facility (green fuels / Power-to-X, clean-transition tax credit)","EUR ~110M Business Finland tax credit awarded under the Large Clean Transition Investments scheme (fixed-term national support scheme, 37 companies, decisions Dec 2025); project runs 2026-2028; renewable-energy-based hydrogen utilisation + renewable fuel production (excluding electricity generation); advances Finland's climate-neutral economy & industrial policy; strengthens the Kainuu/Northern Finland green-fuels cluster and regional energy security; supports decarbonisation of transport fuel",Finland-based companies; eligible costs must meet large clean-transition investment criteria (€50M+ threshold for tax-credit scheme); project in Finland (Åland excluded); permits + commissioning required before credit realised,Northern Green Fuels Oy (grant via Business Finland),Funded/planning (project 2026-2028; tax credit approved Dec 2025),https://saatoenergia.fi/en/news/business-finland-has-granted-northern-green-fuels-oy-a-tax-credit-of-up-to-eur-110-million-for-a-clean-transition-investment-related-to-a-planned-biomethanol-plant-in-paltamo/,"saatoenergia.fi 2025-12 (official company release: ~EUR 110M tax credit, Project Hybrid, Paltamo, Kainuu, 2026-2028, 37-company scheme); businessfinland.fi news 2025 (official: tax credits awarded to 40 projects incl. Northern Green Fuels; EUR 50M+ eligible-cost threshold); businessfinland.fi large clean transition investments programme page (official criteria, assisted-area rates). NAME DISAMBIGUATION: distinct from P2X Joensuu and Norsk e-Fuel Tornio (ARC-FAC-002)",85,2026-08-25
ARC-FAC-326,"Solar Foods Factory 02 - Solein gas-fermentation protein plant (Selkäharju, Lappeenranta; EUR 77.8M Business Finland IPCEI grant + R&D loan)",Finland,Lappeenranta (Selkäharju industrial site),61.0587,28.1886,Industrial food/energy facility + EU IPCEI grant co-financing (Business Finland),"EUR 77.8M Business Finland funding (EUR 39.6M grant + EUR 38.1M R&D loan) tied to EC-approved IPCEI (Hy2Use hydrogen/innovation); scales Solein single-cell protein from 160 t/yr (Factory 01) to 6,400 t/yr via 3-phase rollout from late 2028 (3.2 kt/yr Phase 1) to 6.4 kt/yr by 2029; Selkäharju site offers strong electricity supply, integration with Lappeenranta district heating, favourable infrastructure/permitting/workforce and ecosystem partners; Fortum energy-services design partnership (hydrogen, heating/cooling, electricity); supports climate- and weather-independent protein production bearing on Nordic/Arctic food security and green-transition supply chains; ~EUR 21M of the IPCEI notification still without a funding decision","Final investment decision pending binding customer agreements, partner-network development, facility design progression, financing, EU novel food approval and FDA No Questions Letter; site buy/lease decision by 31 Mar 2028 (13.5 ha site reserved)",Solar Foods Oyj (Nasdaq First North Growth Market Finland) + City of Lappeenranta; energy services: Fortum; financier: Business Finland / EU IPCEI,"PLANNING (pre-engineering; FID expected 2026; construction & commissioning funded; 2030 illustrative revenue EUR 97-119M, gross profit EUR 60-74M, EBITDA EUR 34-42M)",https://investors.solarfoods.com/release/0b136998-8c6b-4e6b-b171-68a1a4869735,"investors.solarfoods.com official inside-info release (EUR 77.8M = EUR 39.6M grant + EUR 38.1M R&D loan, IPCEI approved by EC, Factory 02 Selkäharju Lappeenranta); solarfoods.com official (Selkäharju site chosen, 160 to 6,400 t/yr, district heating + electricity integration, Fortum energy partnership); solarsfoods.com Factory 02 + Fortum pages (3-phase rollout 3.2/6.4 kt, 2028-2029, 2030 projections); ibcfinland.fi Business Finland news (grant decision 17 Jun 2026); foodengineeringmag.com (IPCEI Hy2Use context); tech.eu 2026-06-17 (funding package). NAME DISAMBIGUATION: distinct from ARC-FAC-001 Norwegian Hydrogen Tornio and ARC-FAC-002 Norsk e-Fuel - separate Fennoscandian green-transition facilities",90,2026-08-25
ARC-FAC-327,Narvik Bulk Terminal — Viscaria Copper & Iron Ore Concentrate Export Logistics (MoU),Norway,"Narvik, Nordland",68.4386,17.4279,Mineral Concentrate Export Terminal / Multimodal Logistics Facility,"Long-term rail-to-sea copper & iron-ore concentrate export via Narvik Bulk Terminal for reopened Viscaria mine (Kiruna). Viscaria rail yard connected to Malmbanan/Ofotbanen 16 Jun 2026; loading/storage/export terminal ready end-2027; first concentrate shipments from 2028; ~120,000 t/yr copper concentrate (~26,000 t contained Cu); up to ~50% of annual output to Aurubis (Germany) 2028-2035; strengthens Narvik as Nordic Arctic mineral-export hub (Ofoten Line / LKAB corridor). Q2-2026 earnings call (CEO Olsson, 2026-08): Kiruna rail yard under construction with concentrate storage building, site inauguration mid-Oct 2026; Narvik Havn offloading facility + ship loader in full construction with subcontractors, ready beginning-2028, ahead of first copper-concentrate delivery to Narvik April 2028; 132-room on-site accommodation for 264 people (7-7 shift) relieves Kiruna municipality housing.",Viscaria Mining AB + Port of Narvik (Narvik Havn) / Narvik Bulk Terminal logistics chain; rail haulage via Malmbanan.,Viscaria Mining AB & Narvik Havn (Narvik Bulk Terminal),"ACTIVE (MoU signed; rail connection 16 Jun 2026; rail yard under construction, inauguration mid-Oct 2026; Narvik ship-loader/offloading facility full construction underway, ready early-2028; first concentrate shipments Apr 2028)",https://www.narvikhavn.no/narvik-havn-og-viscaria-inngar-mou-om-framtidig-utskiping-av-kobberkonsentrat/,"narvikhavn.no (official Port of Narvik MoU); miningmetalnews.com/20260130/3317; portseurope.com (Narvik-Viscaria concentrate) | investing.com Q2-2026 Viscaria earnings-call transcript 2026-08 (rail yard mid-Oct inauguration, Narvik offloading+shiploader full construction, ready beginning-2028, first delivery Apr 2028); finance.yahoo.com same transcript (independent syndication of primary company disclosure)",88,2026-09-05
ARC-FAC-328,"Novatek Murmansk LNG Terminal & Reservoir Park (Belokamenka, Kola Bay)",Russia,"Belokamenka, Kola Bay (Severomorsk), Murmansk Oblast",69.0547,33.0813,Arctic LNG Production Terminal & Storage Complex,"LNG terminal + ~1 km2 reservoir park (≥15 tanks) at Belokamenka adjacent to Novatek LNG Construction Centre (CCLTMS); planned 20.4 Mt/y across 3 gravity-based production units; first two units by end-2027, third by 2030 (later postponed to ~2032 per Novatek/State Expert Review); supports Arctic LNG 2 / Yamal LNG export shift into Russian waters; Volkhov-Murmansk gas pipeline (40 bcm/y) fuel source; reduces reliance on foreign ship-to-ship reloading (Sarnes Fjord).",Novatek (Murmansk LNG project) & Arctic LNG project supply/construction chain (gravity-based LNG units built at Belokamenka).,PAO Novatek (Murmansk LNG project),"UNDER CONSTRUCTION (construction resumed; sanctions-affected; capacity target 20.4 Mt/y, timeline 2027-2032 uncertain)",https://www.gem.wiki/Murmansk_LNG_Terminal,gem.wiki (Global Energy Monitor - institutional); thebarentsobserver.com/455041; rcinet.ca Eye on the Arctic 2026-08-03; nordisch.info (sanktionen Kola-Bucht); blackterminal.com/64774 (2032 postponement),85,2026-08-25
ARC-FAC-329,"Horvnes Maritime Hub - Sirkulære Nordland industrial symbiosis pre-project (Sandnessjøen, Alstahaug, Helgeland)",Norway,"Sandnessjøen (Helgeland, Nordland)",66.0192,12.5866,Industrial / maritime hub (circular-economy industrial symbiosis),"Evaluates three industrial symbioses - (1) local processing of drill cuttings, (2) utilisation of excess heat from the SAR waste company, (3) local biogas value chain from sludge/organic waste - to identify the most profitable and move at least one to further financing; cuts emissions, improves energy/resource efficiency and strengthens Helgeland maritime-industrial competitiveness; part of the county-driven Sirkulære Nordland programme (Nordland county municipality + Innovation Norway + Research Council of Norway).",Maritime/industrial actors at the Horvnes Maritime Hub via partnership (project owner Helgeland Havn IKS; project manager Sentrum Næringshage).,"Helgeland Havn IKS (project owner) / Sentrum Næringshage (project manager), under Sirkulære Nordland (Nordland county municipality, Innovation Norway, Research Council).",ACTIVE pre-project (forprosjekt) - industrial symbiosis evaluation / financing stage (2026),https://www.regionnordland.no,"havnemagasinet.no 2026 (Sirkulære Nordland pre-project, Horvnes Maritime Hub); regionnordland.no / Innovation Norway + Research Council (programme operator). NAME DISAMBIGUATION: distinct from Sirkulære Finnmark program (ARC-PROG-161).",78,2026-08-25
ARC-FAC-330,"Greenland Mines — Sarfartoq Nd-Pr Rare Earth Project (MEL 2020-32; Initial Assessment NPV up to US$2.05B, IRR 118.6%)",Greenland,"Sarfartoq, southwest Greenland (Carbonatite Complex)",61.4700,-47.0000,Critical minerals (Nd-Pr rare earth) mining project — independent initial assessment,"Carbonatite-hosted Nd-Pr deposit under Greenland Exploration Licence MEL 2020-32; independent Initial Assessment (S-K 1300) high-case pre-tax NPV up to ~US$2.05B with 118.6% IRR (Indicated+Inferred); ~US$1.49B NPV / 92.7% IRR on Indicated only; planned NdPr-oxide output would supply ~34% of all NdPr refined outside China at 2025 consumption across 9 operating years. Greenland Ministry of Business & Mineral Resources formally approved the indirect licence transfer (Aug 2026), clearing a key condition of Greenland Mines' US$35M acquisition from Neo Performance Materials (US$20M cash + US$15M shares). 24-Aug-2026 S-K 1300 Technical Report Summary (Tetra Tech Canada/GeoSim, effective 31-Jul-2026): first-ever Indicated resource classification + first combined open-pit/underground resource across all three modelled zones; acquisition of licence holder (via Neo North Star Resources transaction, definitive agreement 20-May-2026) closed 01-Sep-2026. S-K 1300 resource: 6.9 Mt Indicated @ 1.60% TREO + 5.3 Mt Inferred @ 0.96% TREO (basis of the 9-year mine plan assessed in the IA); ST1 covers <1% of the 191 km² licence with a ~32 km largely untested outer ring structure and >23,000 m of historical drilling; 03-Sep-2026 shareholder letter: exploration camp reopening + detailed geological/structural mapping underway, WSP Denmark second-year baseline investigations. Next steps: targeted infill drilling to upgrade Inferred, pilot-scale metallurgical testing, mine planning, drone-mag district survey Sept 2026, WSP Denmark environmental/social baseline. Pillar of the North Atlantic Critical Metals Corridor (alongside Skaergaard PGE).","Critical-minerals developers (Greenland Mines, Nasdaq:GRML), international capital, downstream magnet/defence offtake; Greenlandic permitting via Ministry of Business & Mineral Resources",Greenland Mines Ltd. (Nasdaq: GRML); seller/partner Neo Performance Materials (retains option on up to 60% of future production); regulatory approval Greenland Ministry of Business & Mineral Resources,DEVELOPMENT (acquisition CLOSED 01-Sep-2026 following Government of Greenland approval — Sarfartoq now in GRML mining portfolio; pre-production),https://www.thestar.com/globenewswire/greenland-mines-sarfartoq-nd-pr-rare-earth-project-valued-up-to-us-2-05-billion-with-pre-tax-irr-of-118-6-and-significant-additional-upside-potential/article_d0758df9-b60e-54df-a698-1cb54ed4b259.html,"https://industrialnews.co.uk/greenland-clears-sarfartoq-rare-earth-licence-transfer/ (independent & INDUSTRY: Ministry of Business & Mineral Resources formally approved indirect transfer of MEL 2020-32 for Sarfartoq carbonatite, US$35M acquisition from Neo Performance Materials, Neo retains up to 60% of future production); https://www.thestar.com/globenewswire/greenland-mines-sarfartoq-nd-pr-rare-earth-project-valued-up-to-us-2-05-billion-with-pre-tax-irr-of-118-6-and-significant-additional-upside-potential/article_d0758df9-b60e-54df-a698-1cb54ed4b259.html (official company Initial Assessment: US$2.05B NPV / 118.6% IRR high case, 92.7% Indicated-only, ~34% non-China NdPr refined); https://investingnews.com/critical-minerals-supply-chains-need-more-than-mines-greenland-mines-is-pursuing-a-north-atlantic-corridor-strategy/ (Skaergaard PGE + Sarfartoq, North Atlantic Critical Metals Corridor, Bathymetric survey); https://www.vulcanadvocate.com/globe-newswire/greenland-mines-delivers-two-key-milestones-at-skaergaard-bathymetric-survey-completed-initial-metallurgical-core-drilling-concluded (Skaergaard milestones, 80% of 3 licences, Helguvik/ICELAND logistics). https://www.mining.com/press-release?id=6a9822fc4193851dc3c226d3 (GlobeNewswire via mining.com 02-Sep-2026: acquisition CLOSED 01-Sep-2026 following Government of Greenland approval; NdPr from ST1 alone ~34% of all NdPr oxide refined outside China at 2025 consumption) + https://www.stocktitan.net/news/GRML/greenland-mines-shareholder-letter-recaps-six-months-of-achievement-0lihvgba7vpc.html (OFFICIAL-COMPANY shareholder letter 03-Sep-2026 via StockTitan: 6.9 Mt Ind @ 1.60% TREO + 5.3 Mt Inf @ 0.96% TREO, 9-yr mine plan) + https://markets.businessinsider.com/news/currencies/greenland-mines-nasdaq-grml-highlights-sarfartoq-closing-and-skaergaard-development-progress-1036520478 (independent: same resource figures + closing + field program) + https://www.canadianminingjournal.com/news/greenland-mines-closes-acquisition-of-sarfartoq-rare-earth-magnet-project/ (independent: ST1 <1% of 191 km² licence, ~32 km ring structure, >23,000 m drilling, US$35M acquisition) + https://www.barchart.com/story/news/4029013/mining-brief-greenland-rare-earth-project-books-its-first-indicated-resource (independent 24-Aug-2026: first Indicated resource under SEC-recognized framework, S-K 1300 TRS by Tetra Tech/GeoSim effective 31-Jul-2026, Neo Performance offtake rights up to 60% of future ore/concentrate + strategic shareholder). NAME DISAMBIG: distinct from Greenland Resources Malmbjerg Mo (ARC-FAC-331), Greenland Projects Tanbreez, and Pulsar Helium Tunu (ARC-FAC) — separate companies/deposits. Pin is approximate for the Sarfartoq carbonatite area",87,2026-09-04
ARC-FAC-331,"Greenland Resources — Malmbjerg Molybdenum Project (summer 2026 field program, TSX:MOLY)",Greenland,"Malmbjerg, east-central Greenland (Scoresby Sund region, near Ittoqqortoormiit)",72.0000,-21.5000,Molybdenum mining project — feasibility / infrastructure / government-funded field program,"Canadian-listed developer (TSX:MOLY, Greenlandic subsidiary) advancing the Malmbjerg Mo deposit: NI 43-101 feasibility, 30-year exploitation licence for Mo/Mg, binding long-term offtake with major EU steel producers. Reserves ~245 Mt at 0.176% MoS2 (~571 Mlb Mo); early production ~32.8 Mlb Mo/yr (first decade) at ~0.23% MoS2. Summer 2026 field program (started Aug 22) focuses on detailed engineering, key mine-construction infrastructure (incl. Austrian-made rope conveyor) and completing government-funded activities + final environmental work for the Greenland government, in support of project-financing lenders' due diligence. Potential by-product value (Mg, rare earths) and EU critical-minerals/demand relevance. 01-Sep-2026: Letter of Intent from the Nordic Investment Bank (NIB — official multilateral financial institution of the Nordic/Baltic states) for funding of up to US$120M for the Malmbjerg project — first dedicated institutional project-finance instrument ahead of FID; Government-granted exploitation licence gives a dominant mineral licence position on Greenland’s east coast.",Mine developers / project-finance lenders; EU steel & critical-minerals offtake; Greenland government permitting,Greenland Resources Inc. (TSX:MOLY) + Greenlandic subsidiary,DEVELOPMENT (Aug 2026 field program; pre-construction; NIB US$120M financing LOI 01-Sep-2026),https://www.midfloridanewspapers.com/ap/business/greenland-resources-provides-update/article_481799a7-8f39-54d8-b729-ab44dde8e7db.html,"https://www.midfloridanewspapers.com/ap/business/greenland-resources-provides-update/article_481799a7-8f39-54d8-b729-ab44dde8e7db.html (independent AP/business wire: summer field program started Aug 22, detailed engineering, Austrian-made rope conveyor, lenders' due diligence, govt-funded activities + final environmental work, 245Mt @ 0.176% MoS2, ~32.8Mlb Mo/yr); https://kalkine.ca/news/mining/greenland-resources-inc-tsxmoly-gains-momentum-with-as-molybdenum-supply-opportunity-and-malmbjerg-project-progress-support-investor-optimism (independent Aug 2026, 4.86% rise Aug 24, project-financing momentum); https://www.midfloridanewspapers.com/ap/business/greenland-resources-provides-update/ (official company update). https://www.mining.com/greenland-resources-gets-120m-loi-from-nordic-investment-bank-for-malmbjerg-project/ (independent 01-Sep-2026: NIB LOI up to US$120M, dominant mineral licence position on the island’s east coast) + https://www.juniorminingnetwork.com/junior-miner-news/press-releases/3043-tsx/moly/210077-greenland-resources-receives-letter-of-intent-from-nordic-investment-bank.html (OFFICIAL-COMPANY press release: Greenland Resources receives LOI from Nordic Investment Bank up to US$120M). NAME DISAMBIG: distinct from Greenland Mines Sarfartoq (ARC-FAC-330) and Critical Metals Tanbreez — separate companies/projects. Pin approximate for Malmbjerg (Scoresby Sund)",85,2026-09-04
ARC-FAC-332,"Bakki Eco-Industrial Park (Nordurthing, near Husavik)",Iceland,"Bakki Eco-Industrial Park, Nordurthing (north of Husavik)",66.0703,-17.3322,Eco-industrial park (green industrial cluster),"~200 ha pre-zoned industrial site ~2 km north of Husavik; adjacent Husavik harbour via dedicated industrial road (National Road 85); geothermal (Theistareykir) + hydro (Krafla, Laxarvirkjun) energy; 220 kV Landsnet substation; industrial symbiosis (shared energy/water/heat/by-products); hosts PCC BakkiSilicon; rising interest in data centres, aluminium, recycled-carbon products, aquaculture, e-fuel","Green/heavy industry, data centres, energy-intensive and low-carbon producers; pre-zoned site shortens permitting",Nordurthing municipality / Invest in Northeast Iceland (SSNE),OPERATIONAL / active development,https://bakki.nordurthing.is/,"bakki.nordurthing.is (official eco-industrial park — renewable energy, industrial symbiosis, PCC BakkiSilicon host); invest.northeast.is (official Invest in Northeast Iceland — 200 ha, 2 km north of Husavik, geothermal + 220 kV, direct harbour road) [gis-densify-0938: OSM industrial building Bakki / Nordausturvegur; bakki.nordurthing.is (~2 km N of Husavik)]",87,2026-09-08
ARC-FAC-333,Bodo PostNord Logistics Terminal (Bodo Havn / HENT),Norway,Bodo (Nordland),67.2804,14.4049,Logistics / freight terminal (green corridor node),"New ~NOK 99M logistics terminal at Bodo Havn; 2,850 sq m building + 8,700 sq m outdoor area; BREEAM Very Good; 10-year PostNord lease (+ extension option); modern sea-road-air logistics hub linking Northern Norway to Europe; rail+port integration into a green goods corridor (Northern Norway-Europe)",N/A (infrastructure project; PostNord tenant/operator),Bodo Havn KF (owner/manager) / HENT (contractor); tenant PostNord,UNDER CONSTRUCTION — contract signed 20 Nov 2025; completion Jan 2027,https://bodohavn.no/aktuelt/snart-starter-byggingen-av-ny-terminal-for-postnord-i-bodo-havn/,"bodohavn.no (official Bodo Havn — contract signed 20 Nov 2025, ~NOK 99M, completion Jan 2027, 2,850m2 + 8,700m2, BREEAM Very Good, 10-yr lease); mtlogistikk.no (independent logistics trade press); bygg.no (independent construction trade press); no.linkedin.com/posts/postnord-norge (official PostNord Norge)",90,2026-08-25
ARC-FAC-334,"E-Valor Synthetic Fuel (rafeldsneytis) Production Facility (Bakka, Husavik)",Iceland,"Bakka/Bakki industrial area, Nordurthing (E-Valor MoU site)",66.0680,-17.3360,Synthetic fuel / e-fuel production facility,"MoU (Nordurthing + E-Valor) to explore self-sustaining synthetic fuel production at the Bakka industrial area near Husavik; three-phase project; target up to 100,000 t synthetic fuel/yr at full capacity; diversifies value creation on Bakka; supports energy transition and long-term municipal revenue",N/A (project under MoU / development),E-Valor (developer) / Nordurthing municipality,PLANNED — MoU signed Feb 2026,https://www.husavik.com/2026/02/undirrita-viljayfirlysingu-um-uppbyggingu-rafeldsneytisframleidslu/,"husavik.com (official North Iceland news / municipal context — MoU signed, 3 phases, up to 100,000 t/yr); bakki.nordurthing.is (official Bakki eco-industrial park — host site) [gis-densify-0938: Same Bakki park, slight SW offset from ARC-FAC-332 for E-Valor MoU host pad]",84,2026-09-08
ARC-FAC-335,ARCAN Construction Ltd (Yellowknife NWT) — CanNor-supported design-build & Denendeh Manor energy/fire-smart upgrades,Canada,"Yellowknife, Northwest Territories",62.454,-114.3718,Indigenous/territorial design-build construction & industrial contractor (CanNor-funded),"Design-build delivery for northern (NWT) institutional/commercial projects; supported by CanNor grant (~USD 1.6M, 2026-02-01) + non-equity assistance; Denendeh Manor (Yellowknife) energy-efficiency & fire-smart upgrades co-funded via ECC Indigenous Leadership Fund; aligns with CanNor NWT territorial capacity-building",Northern (NWT) construction projects; Indigenous-led/owned initiatives; design-build & infrastructure delivery,"ARCAN Construction Ltd (Yellowknife, NT)",ACTIVE (rolling; design-build + northern infrastructure),https://arcan.nt.ca/,"arcan.nt.ca (OFFICIAL ARCAN Construction — design-build; CanNor grant + non-equity assistance 2026-02-01, USD 1.6M); cannor.gc.ca (CanNor — federal northern economic development agency, territorial grants/non-equity assistance); Denendeh Manor (Yellowknife) energy & fire-smart upgrades via ECC Indigenous Leadership Fund (cross-reference)",60,2026-08-26
ARC-FAC-336,Kola Farwater Ltd (Murmansk) — Maritime Port Services & Ship Agency for Arctic/NSR calls,Russia,Murmansk Commercial Sea Port (ship agency / port services),68.9841,33.0610,Maritime port services / ship agency & vessel support (NSR & Arctic calls),"Comprehensive Murmansk vessel support: ship agency, chandler, customs clearance, surveys/analyses, bunkering, provisioning, waste removal, repairs, cargo storage, crew changes, underwater surveys, permit assistance; supports ships calling Murmansk & transiting the Northern Sea Route (NSR) — Arctic logistics readiness","Vessels calling Murmansk port / operating on NSR & Arctic routes; shipowners, charterers, NSR transits",Kola Farwater Ltd (Murmansk),ACTIVE (rolling; vessel agency & port services),https://kolafairway.ru/,"kolafairway.ru (OFFICIAL Kola Farwater Ltd — Murmansk ship agency & port services, founded 2015, NSR/Arctic call support); portmurmansk.ru (Murmansk Commercial Sea Port — port/NSR logistics context); rosmorport.ru (Russian federal port infrastructure operator — Murmansk port infrastructure context) [gis-densify-0938: MCSP pin ARC-PORT-001 — Kola Farwater vessel agency at commercial port]",64,2026-09-08
ARC-FAC-337,Arva AS Northern Norway Power Grid Upgrade — NIB NOK 400M Electrification Loan (7-yr),Norway,Narvik,68.4385,17.4273,Energy grid / green transition infrastructure,"NOK 400M NIB loan; electrification, new lines/substations, refurbishment; reduce diesel-generated electricity; improve security of supply",Arva AS grid operator (Northern Norway); NIB Sustainability Policy,Arva AS (NIB financing),Financed / under implementation,https://www.nib.int,https://arcticeconomiccouncil.com/news/arctic-needs-action-not-just-words/ ; https://www.nib.int,88,2026-08-26
ARC-FAC-338,Royal Greenland Onshore Processing Plant Modernization (~$100M; Nuuk + Sisimiut + regional plants),Greenland,"Nuuk (HQ; plants Nuuk, Sisimiut, Attu, Sarfannguit, Narsaq)",64.1466,-51.7221,Industrial fish/seafood processing facility modernization,"~$100M USD / ~DKK 500-600M multi-year modernization of aging onshore plants to cut downtime/waste, raise efficiency & cod (torsk) production amid shifting quotas & uncertain raw-material supply; improves raw-material utilization, year-round processing, export capacity & local employment","Royal Greenland state-owned fish/seafood processor (largest company in Greenland; ~310 employees; founded 1774); plants in Nuuk, Sisimiut, Attu, Sarfannguit, Narsaq; investments spanning 2024-2026+",Royal Greenland A/S (Greenland-largest state-owned company; HQ Nuuk),ACTIVE (2024-2026 multi-year modernization plan; 2026 capital investment),https://www.royalgreenland.com/,"undercurrentnews.com 2026-01-20 & 2026-02-10 & 2026-04-20 (Royal Greenland ~$100M onshore modernization incl. Nuuk, cod-capacity ramp, CEO Toke Binzer rationale); sermitsiaq.ag Royal Greenland vil investere en halv milliard (2024-2026 DKK 500-600M, Sisimiut shrimp-maturation tanks, Attu & Sarfannguit pilots, cod/quota focus); seafood.media / fis-net.com 2026-05 (2024-25 profit DKK 6M, 2026 capex on land-based facilities incl. Nuuk). Figure variance noted (USD ~$100M vs DKK 500-600M ~$60-75M USD); operator = Greenland state-owned Royal Greenland",78,2026-08-26
ARC-FAC-339,"Space Norway × Forsvarsbygg — Arctic Way Cable Landing Station (Jan Mayen CLS, world's northernmost subsea cable)","Norway (Jan Mayen, Svalbard & Jan Mayen territory)",Jan Mayen Island (Nordic/Arctic Ocean),70.9900,-8.4000,National strategic subsea-fibre / telecom infrastructure — cable landing station,"2,350 km Arctic Way subsea fibre system linking Bodo (mainland Norway) -> Jan Mayen -> Longyearbyen (Svalbard); first subsea cable ever to reach Jan Mayen (currently satellite-only comms); supports sovereign/defence communications alongside the new Norwegian Armed Forces station being built by Forsvarsbygg (contractor Haehre Arctic); reinforces Arctic security, research & maritime/early-warning presence; SubCom selected to manufacture the cable; expected completion 2028.","National strategic infrastructure (state + defence-backed); not an individual/company grant — benefits Jan Mayen & Svalbard communities, Norwegian Armed Forces and research/public agencies","Space Norway AS (main contractor, commissioned by Norwegian Ministry of Trade, Industry & Fisheries); co-operation with Forsvarsbygg (Norwegian Defence Estates Agency)",Under construction (Space Norway-Forsvarsbygg cooperation agreement signed 20 Jan 2026; completion ~2028),https://spacenorway.com/press-release/space-norway-as-and-forsvarsbygg-sign-cooperation-agreement-for-jan-mayen-cable-landing-station,"spacenorway.com (OFFICIAL press release 2026-01-20: Space Norway × Forsvarsbygg cooperation agreement, CLS on Jan Mayen, commissioned by Ministry of Trade Industry & Fisheries, Haehre Arctic support, satellite-only today); subseacables.net (2,350 km, Bodo->Jan Mayen->Longyearbyen, 2028 completion, SubCom manufacture, Morten Tengs + Pia Bruhn quotes, no subsea cable reached island until now); submarinenetworks.com (world's northernmost subsea cable, landing points Bodo/Jan Mayen/Longyearbyen, Forsvarsbygg building new Armed Forces station); subtelforum.com / DataCenterDynamics 2026-01-30 (MoD partnership). NAME DISAMBIG: distinct from ARC-FAC-318 (state-budget NOK 780.5M allocation for the Svalbard/Jan Mayen fibre link modelled at the Longyearbyen terminal) — this row models the separate Jan Mayen island cable landing station facility at a new geographic pin",88,2026-08-26
ARC-FAC-340,Greenland Logistics Capability: Eimskip Greenland A/S — Nuuk port agency & freight-forwarding hub (ex-Royal Arctic Spedition),Greenland,Nuuk (HQ; agency/forwarding across Greenland incl. cruise/trawler vessel agency),64.1814,-51.6941,Maritime logistics / port agency & freight-forwarding capability hub,"Eimskip Greenland A/S acquired the port agency and freight-forwarding activities of Royal Arctic Line (Royal Arctic Spedition) in Greenland, effective 2026-05-01 (d.o.b. announcement 2023-04-17; finalized 2023-05-01); expands Eimskip home-market position in the North Atlantic; strengthens service portfolio in Greenlandic market: vessel agency services for ships calling Greenland (cruise ships and trawlers), freight forwarding, customs brokerage; builds on Eimskip freight-forwarding office in Nuuk since 2020 and Eimskip Royal Arctic Line container cooperation (3 new-build 2,150-TEU Polar-Code ice-class vessels); supports Greenland commerce, cruise provisioning and fishing-export logistics","Agency/forwarding service provider (Eimskip Greenland A/S); counterpart Royal Arctic Line (Greenland state-owned) — no end-user eligibility; benefits Greenland shippers, cruise and fishing operators using Nuuk/Greenland port calls","Eimskip Greenland A/S (subsidiary of Eimskip hf, Iceland) + Royal Arctic Line (ex-Royal Arctic Spedition to be divested)",ACTIVE (acquisition completed 2023-05-01; forwarding + agency hub operating from Nuuk),https://www.eimskip.com/news/general-news/eimskip-acquires-port-agency-and-forwarding-activities-of-royal-arctic-line-in-greenland,"eimskip.com press release 2023-04-17 (OFFICIAL: Eimskip Greenland acquires port agency + forwarding activities of Royal Arctic Line, effective 2026-05-01 [->2023-05-01 final], Nuuk office since 2020, strengthen North Atlantic position); ral.gl/en/royal-arctic-line-divests-shipping-department (OFFICIAL Royal Arctic Line: as of May 1 no longer own freight forwarding department in Greenland); naa.is + linkedin.com/posts/elisabet-s-reinhardsdottir (independent/industry: finalized 2023-05-01); highnorthnews.com (Eimskip-RAL container cooperation context). NAME DISAMBIG: distinct from ARC-PORT-119 Blue Water Blue Imeq logistics hub (Nuuk) and from ARC-PORT-009 Nuuk Port (Royal Arctic Line operator) — this row tracks the Eimskip forwarding/agency capability",82,2026-08-26
ARC-FAC-341,Cape Nome Quarry (Port of Nome Phase 1A construction-material source + Utqiagvik seawall supply),USA,"Cape Nome, Nome Census Area (west Alaska, Bering Strait coast)",64.5333,-165.3667,Coastal-Alaska quarry / construction-aggregate industrial facility (rock supply for Arctic coastal infrastructure),"~3 million-ton rock/aggregate supply planned across multiple phases for the Port of Nome deep-draft expansion + neighbouring Utqiagvik seawall (~1M tons); Phase 1A targets ~875,000 tons; supplies armour rock, causeway & dock fill for Americas first Arctic deepwater port; supports large-vessel/icebreaker-capable infrastructure at the Bering Strait; surface access via Sitnasuak Native Corporation, subsurface mineral rights via Bering Straits Native Corporation (royalties)",Active quarry/aggregate operation at Cape Nome; materials procured by Kiewit Infrastructure West for USACE Port of Nome Phase 1A; not a grant — supply-chain/aggregate capability benefiting the Port of Nome & regional Arctic coastal-infrastructure projects,"Kiewit Infrastructure West Co. (Phase 1A prime contractor, USACE Alaska District); aggregate supplied to Port of Nome project; quarry access on Sitnasuak/BSNC lands","Active (2026 work season: quarry operations at Cape Nome, rock transport/storage near causeway, 180-person temporary camp, causeway-spur removal for Phase 1A)",https://www.usace.army.mil/Alaska-District/,"akbizmag.com ""Deepwater Arising"" (Mar 2026 — Cape Nome Quarry up to ~3M tons across phases, Utqiagvik seawall ~1M tons, Phase 1A ~875,000 tons, Kiewit 00M Phase 1A, spring 2026 start, 180-person camp; BSNC royalties + Sitnasuak surface access); nomenugget.com (Phase 1a award to Kiewit 99.4M, causeway 1,200 ft, 600 ft dock face, Phase 2 dredge to -40 ft, ~63M total); knom.org (Kiewit Phase 1 contract 99.4M, start summer 2026, completion ~2029); highnorthnews.com (USACE awards Kiewit Phase 1A, Kiewit Infrastructure West, first US Arctic deepwater port). NAME DISAMBIG: distinct from ARC-PORT-122/055 (Port of Nome deep-draft port expansion) — this row models the separate Cape Nome quarry aggregate-supply facility",82,2026-08-26
ARC-FAC-342,Severny Proekt (TK Severny Proekt / Nord Project group) - AZRF-resident NSR freight operator + planned shipbuilding/repair facility (Arkhangelsk),Russia,Arkhangelsk Sea Port (Severny Proekt fleet base),64.5393,40.5185,AZRF-resident Arctic NSR cargo-shipping & logistics operator; planned shipbuilding/repair facility (industrial/transport capability),"AZRF resident; operates six ice-capable vessels based at Arkhangelsk seaport to boost Northern Sea Route cargo ~700,000 t/yr; total investment approx RUB 2.2 billion; launched independent Arkhangelsk-Pevek cargo service for 2026 NSR season (8 voyages ~every 10 days; first departure mv Taymyr Jul 27 2026, final Pevek Oct 21 2026); next phase plans a shipbuilding & repair facility; strengthens northern delivery (Severny Zavoz) and coastal cabotage supply chains around Arkhangelsk hub; supports year-round Arctic freight to Far North ports (general, bulk, container, dangerous goods)",AZRF-resident transport/logistics operator; not a grant - commercial NSR freight carrier eligible for subsidized domestic NSR voyages and state support; operates as registered AZRF resident,"TK Severny Proekt LLC (Severny Proekt / Nord Project group), Arkhangelsk; fleet partly financed via LK GPB LLC (Gazprombank sole beneficiary end-2022)","ACTIVE (2026 NSR season: independent Arkhangelsk-Pevek service, 8 voyages; shipbuilding/repair facility planned in next phase)",https://arctic-russia.com/en/project/first-hundred/,"arctic-russia.com (OFFICIAL AZRF project registry 'First hundred': Severny Proekt, Arkhangelsk transport & logistics AZRF resident, 6 vessels at Arkhangelsk seaport, +~700k t/yr NSR cargo, ~RUB 2.2B investment, plans shipbuilding/repair facility next phase); etc.bellona.org 'Monthly Highlights from the Russian Arctic, June 2026' (independent: Severny Proekt launched independent Arkhangelsk-Pevek cargo service for 2026 NSR season, 8 voyages ~every 10 days, mv Taymyr Jul 27, last Pevek Oct 21); sciup.org (independent academic: TK Severny Proekt LLC among new Arkhangelsk shipowners adding ice-class vessels for year-round NSR/cabotage). NAME DISAMBIG: distinct from Eco Shipping (fellow Arkhangelsk NSR operator) and from the single vessel 'Severniy Proect' (IMO 9202053, sanctioned) - this row models the operator/facility, not one ship [gis-densify-0938: Fleet based at Arkhangelsk seaport — match ARC-PORT-002]",84,2026-09-08
ARC-FAC-343,"Royal Greenland Tasiilaq New Fish Factory (East Greenland, quota-linked)",Greenland,Tasiilaq (East Greenland),65.6147,-37.6330,Industrial fish/seafood processing plant (new build),New onshore fish factory in Tasiilaq required by Naalakkersuisut (Greenland government) as a condition of awarding coveted cod quotas to Royal Greenland A/S; supports development of East Greenland fisheries and local employment; includes temporary procurement option until factory is operational; breaks Arctic Prime Fisheries' previous East Greenland purchase monopoly; bolsters land-industry landings and east-coast fishery development,Royal Greenland A/S (state-owned; largest Greenland fishing company) — awarded quota by Naalakkersuisut with factory-build obligation,Royal Greenland A/S (Government of Greenland-owned),PLANNED/ACTIVE (quota awarded; construction to start as soon as possible; temporary procurement in interim),https://www.royalgreenland.com/,"highnorthnews.com 2026 (new fish factory on Greenland: Royal Greenland to build Tasiilaq factory, Naalakkersuisut quota award, temporary procurement, east-coast employment); KNR/Naalakkersuisut press release (Greenland national broadcaster + government statement, priority to fisheries & jobs on east coast). NAME DISAMBIGUATION: distinct from ARC-FAC-338 (Royal Greenland onshore MODERNIZATION at Nuuk/Sisimiut/Attu/Sarfannguit/Narsaq) and ARC-PROG-195 (Naalakkersuisut vessel-purchase subsidy reform in Qaanaaq/East Greenland)",85,2026-08-26
ARC-FAC-344,"Barents Blue — Clean Ammonia Plant (Markoppneset / Hammerfest, Finnmark)",Norway,"Markoppneset (Kvalsund/Repparfjord), Hammerfest muni., Finnmark",70.6633,23.6822,Industrial clean-tech / green (blue) ammonia production facility (EU IPCEI Hydrogen NO01),"Europe's first world-scale clean ammonia plant; up to 1M t/yr ammonia (~3,000 t/day) from ~600 t/day blue H2 (SynCOR ATR oxyfuel); >99% CO2 capture (~1.98M t CO2/yr); CO2 to Polaris offshore CCS; NOK 482M Enova state-aid grant (IPCEI Hy2Use); grid/power + municipal option-agreement at Markoppneset; anchors North-Norway low-carbon value chain and maritime-fuel supply",Horisont Energi AS (lead project developer) — IPCEI Hydrogen project NO01; Enova SF state aid; Polaris CCS with partner,Horisont Energi AS (Barents Blue) + Enova SF (public funder) + Polaris CCS JV,PLANNED (IPCEI Hydrogen NO01; IPCEI approval pending; FEED/investment-decision following ESA+EU Commission; start-up target ~2031),https://www.barentsblue.no/,"barentsblue.no (OFFICIAL project site); mynewsdesk.com/no/enova-sf press release (OFFICIAL Enova NOK 482M); ipcei.observatory.clean-hydrogen.europa.eu/barents-blue-project-no01 (EU Commission IPCEI Hydrogen NO01); highnorthnews.com (NOK 482M, IPCEI); nosnova.com project update (Markoppneset, power reservation). NAME DISAMBIGUATION: distinct from ARC-FAC-317 (Azane ammonia bunkering terminals) and NSR/icebreaker rows — this row models the Barents Blue production plant at Markoppneset, Hammerfelt municipality; approx geolocation 70.6633N / 23.6822E.",90,2026-08-26
ARC-FAC-345,JSC Rusatom Arctic — NSR infrastructure operator + Northern Delivery single maritime operator,Russia,Moscow,55.7558,37.6173,Arctic shipping infrastructure operator / NSR governance,"Rosatom-designated NSR infrastructure operator since 2018; single maritime operator of Northern Delivery (2025 Chukotka pilot ~152,440 t petroleum products + ~6,770 t food/ancillary cargo), active from 2026; drives year-round NSR 2026-27; issues navigation permits and nuclear-icebreaker escort via Main Directorate of the NSR",State-designated Rosatom subsidiary; route permission via Main Directorate of NSR; shippers request icebreaker escort,Rosatom (JSC Rusatom Arctic),Active,https://atommedia.online/en/reference/severnyy-morskoy-put-spravochnaya-informatsiya-/,https://rosatomnewsletter.com/2026/05/26/rosatom-pushes-for-year-round-nsr-operations/ ; https://newswireonline.com/northern-sea-route-year-round-navigation-plan/ ; https://atommedia.online/en/reference/severnyy-morskoy-put-spravochnaya-informatsiya-/ ; https://rosatomafrica.com/en/press-centre/news/vaygach-nuclear-icebreaker-assisted-ship-convoy-heading-east-for-the-first-time-this-year/,82,2026-08-26
ARC-FAC-346,NSR Year-Round Navigation 2026-27 Program — SCF 2x new Arc7 LNG carriers + 4-way co-management,Russia,"Atomflot / Rosatomflot campus, Murmansk-17 (NSR icebreaker base)",69.0135,33.0936,Arctic shipping fleet enhancement / year-round NSR program,"Sovcomflot (SCF Group) to deliver 2 additional Arc7 ice-class LNG carriers in 2026 for continuous year-round NSR; 2026-27 NSR co-managed by 4 entities (SCF, NOVATEK, JSC Rusatom Arctic, Russian Ministry of Transport); 2025: 31 SCF vessels, 52 eastern-sector voyages, 6.1M t hydrocarbons carried (+28% eastbound)",Industry co-management (transport ministry + state operators); ice-class Arc7 with nuclear-icebreaker support,SCF Group / NOVATEK / JSC Rusatom Arctic / Russian Ministry of Transport,Planned (2026-27 implementation),https://rosatomnewsletter.com/2026/05/26/rosatom-pushes-for-year-round-nsr-operations/,https://rosatomnewsletter.com/2026/05/26/rosatom-pushes-for-year-round-nsr-operations/ ; https://newswireonline.com/northern-sea-route-year-round-navigation-plan/ ; http://open.energyland.info/news/en_news/none/208229 [gis-densify-0938: OSM Atomflot campus (Rosta) — NSR year-round icebreaker co-management base],80,2026-09-08
ARC-FAC-347,Nornickel Russkaya Platina (Chernogorsky GOK) + Norda Tunnelling Complex (Taymyrsky Mine) - Norilsk PGM Cluster,Russia,"Norilsk (Norilsk Industrial District, Taimyr, Krasnoyarsk Krai)",69.3492,88.2026,Industrial mining & processing facility (PGM/copper/nickel; explosive-free hard-rock underground tunnelling),"Chernogorsky GOK first processing line operational, moving toward full capacity of 7-9M t/yr ore (design ceiling 14M t/yr) producing PGMs + copper + nickel as part of the world's largest PGM cluster; Norda explosive-free tunnelling system assembled 1,450 m underground at Taymyrsky mine (7,500 km multi-leg logistics incl. winter roads + air freight); trial operations begun 2026 targeting 150,000 t ore/yr (potential growth to 500,000 t/yr); integrated into Nornickel logistics/energy/offtake network spanning Taymyr + Northern Sea Route","Nornickel group (Norilsk Nickel) industrial assets; no public-program eligibility - corporate mining/metallurgical infrastructure (suppliers, EPC, logistics chain)",GMK Norilsk Nickel (Nornickel) / Nornickel group; Russian Platinum JSC (Chernogorskoye deposit operator),ACTIVE (construction/development; first line operational; Norda trial ops 2026),https://nornickel.com/,"nornickel.com (official: Chernogorsky GOK first line, 7-9M t/yr to 14M t/yr design, Norda tunnel 1,450m underground Taymyrsky, 7,500 km logistics, 2026 150K t/yr to 500K t/yr); russian-platinum.ru (independent: Russian Platinum group, Chernogorskoye deposit near Norilsk, PGM/copper-nickel); nornik.ru (independent: Taymyr operations, NSR transport). NAME DISAMBIGUATION: Chernogorsky GOK (Norilsk-area PGM plant) DISTINCT from Chernogorskoye village and from ARC-FAC-342 Severny Proekt NSR operator; coordinates approximate to Norilsk Industrial District centroid",80,2026-08-26
ARC-FAC-348,Sinopec Longkou LNG Import Terminal (中石化龙口LNG接收站) — Phase 1 6.5 Mtpa,China,"Longkou, Yantai (Shandong Province)",37.640,120.330,Industrial energy facility (LNG import & regasification terminal),"Phase 1 receiving/regasification capacity 6.5 Mtpa (total planned 12.0 Mtpa); 266,000 cbm LNG berth able to service world's largest LNG carriers; four 220,000 cbm storage tanks; ~1 Mtpa truck loading; NDRC-approved Sinopec flagship import terminal and a critical Chinese takeaway point for NSR-sourced Arctic LNG 2 cargoes (Oct 2026 commissioning per Bellona/Kpler context)","Operator Sinopec Yantai Longkou LNG Co Ltd (China Petrochemical Corp/Sinopec 50%, Shandong Getai Investment 30%, Yantai Port Holdings 20%); no end-user eligibility; serves Chinese state/NOC gas import & regasification demand",Sinopec Yantai Longkou LNG Co Ltd (majority state-owned Sinopec),Under construction / pre-commissioning — Phase 1 commissioning targeted ~Oct 2026,https://www.gem.wiki/Sinopec_Longkou_LNG_Terminal,"gem.wiki Global Energy Monitor (Sinopec Longkou LNG Terminal: Phase 1 import construction 6.5 mtpa, total 12.0 mtpa, ownership Sinopec 50%/Shandong Getai 30%/Yantai Port Holdings 20%, construction began Dec 2021); reuters.com 2021-10-13 (OFFICIAL NDRC approval: 6.5 Mt/yr receiving capacity, 8.3 bln yuan, 266,000 cbm berth + 4 x 220,000 cbm tanks); lngprime.com & naturalgasworld.com (independent; NGW: on NDRC/National Energy Administration key oil & gas infrastructure list); etc.bellona.org 2026-08-07 (Monthly Highlights Russian Arctic June 2026: Longkou LNG terminal in Yantai/Shandong, closer to NSR, expands Arctic LNG 2 takeaway, phase 1 ~5 Mtpa, commissioning ~Oct 2026). NAME DISAMBIGUATION: distinct from Longkou Nanshan LNG Terminal (国家管网龙口南山, PipeChina/Nanshan — ARC-FAC-349) and from operating Sinopec Qingdao/Shandong (Dongjiakou) LNG terminal — separate receiving terminals in Shandong",82,2026-08-30
ARC-FAC-349,"Longkou Nanshan LNG Terminal (国家管网/Nanshan 龙口南山LNG接收站, PipeChina) — Arctic LNG 2 NSR Receiving Terminal",China,"Longkou, Yantai (Shandong Province)",37.655,120.325,Industrial energy facility (LNG import/regasification terminal — primary Arctic LNG 2 offtake receiver),"Phase 1 receiving capacity 6.45 Mtpa (GEM) / ~5 Mtpa (Bellona-Kpler); 266,000-cbm-class berth + 220,000-cbm storage tanks; first PipeChina LNG terminal to enter construction; actively receiving Arctic LNG 2 cargoes via the NSR (41 LNG cargoes / 2.6 Mt received through end-June 2026 per Kpler cited by Bellona); located closer to the Northern Sea Route than existing receivers, expanding China's ability to take Arctic LNG-2 output; total designed 20.45 Mtpa (Phases 2-3)","Owner National Pipe Network Group Nanshan (Shandong) Natural Gas Co Ltd (PipeChina 60%, Nanshan Group 40%); no end-user eligibility; serves PipeChina national gas-grid demand",National Petroleum & Natural Gas Pipeline Network Group (PipeChina) + Nanshan Group,Operating / commissioning ramp (Phase 1) — actively receiving Arctic LNG 2 cargoes; full commissioning ~Oct 2026,https://www.gem.wiki/Longkou_Nanshan_LNG_Terminal,"gem.wiki Global Energy Monitor (Longkou Nanshan LNG Terminal: Phase 1 import construction 6.45 mtpa, total 20.45 mtpa, ownership PipeChina 60%/Nanshan Group 40%, first PipeChina LNG terminal to enter construction, transferred from Sinopec/CNOOC asset pool); etc.bellona.org 2026-08-07 (Bellona/Russian Arctic monthly: new Longkou terminal operated by PipeChina, closer to NSR, expanding Arctic LNG 2 takeaway, phase 1 ~5 Mtpa, commissioning Oct 2026, Beihai predecessor sole receiver); tankterminals.com 2022-10-19 & mysteel.net (independent: PipeChina+Nanshan Longkou Nanshan LNG receiving/storage project, Yantai Shandong, ~20 Mtpa). NAME DISAMBIGUATION: distinct from Sinopec Longkou LNG Terminal (中石化龙口, Sinopec — ARC-FAC-348) and from Beihai (Guangxi) LNG terminal (sole prior Arctic LNG 2 receiver) — separate projects at Longkou; Global Energy Monitor tracks them as two distinct terminals",78,2026-08-30
ARC-FAC-350,Luxcara × GreenH Bodø Green Hydrogen & Maritime Bunkering Facility (Vestfjorden),Norway,Bodø,67.2833,14.3833,Green hydrogen production & maritime bunkering facility (Enova-supported),Final investment decision taken for one of Norway's first large-scale green hydrogen projects; NOK 129M (EUR ~11M) Enova funding (Dec 2024); first facility to supply pressurised green hydrogen directly to a maritime vessel; delivers hydrogen to the Vestfjorden ferry connection (Torghatten Nord); decarbonises harbour industry and shipping; COD expected 2026; preparatory site work underway,"Transport/hydrogen offtakers (maritime, ferry, harbour industry); industrial users of green hydrogen in Bodø/Nordland",Luxcara (investor) × GreenH (developer); Enova state funding,In construction (FID taken; COD expected 2026),https://www.luxcara.com/press-releases/luxcara-invests-in-second-hydrogen-project,"luxcara.com (OFFICIAL Luxcara press release: FID, NOK 129M Enova funding, first direct maritime supply, COD 2026); businessnorway.com (Norway green-hydrogen hubs / Enova context); enova.no (state enterprise funding)",86,2026-09-01
ARC-FAC-351,Adak Bulk Fuel & Strategic Logistics Hub (Adak Fuels / Aleut Ventures),USA,"Adak, Aleutian Islands, Alaska",51.8815,-176.6581,Industrial energy & logistics facility (bulk fuel storage),~22 million gallons of bulk marine-diesel fuel storage; aviation fuel (Jet-A/avgas) and marine diesel refueling; deepwater port at a strategic transit point between the Northern Sea Route and the North America-Asia Great Circle routes; supports military (US Navy) readiness and remote community resilience; co-located with multi-use aviation (one of Alaskas longest runways),Military (US Navy) and civilian/community maritime & aviation users at Adak and Aleutian transit traffic,Aleut Ventures / Adak Fuels (private operator),ACTIVE (2026),https://aleutventures.com,aleutventures.com Adak Fuels 22M gal bulk storage + Great Circle/NSR transit; denali.gov Denali Commission-US Navy dual-use Adak $115M collaboration; aleutventures.com Denali collaboration 2026,85,2026-09-01
ARC-FAC-352,NunaGreen - Utoqqarmiut Kangerluarsunnguat (Buksefjorden) Hydropower Project,Greenland,Nuuk (Buksefjorden),64.16,-51.60,Energy/Infrastructure - hydroelectric construction & procurement,76.9 MW renewable capacity; ~21 km tunnels; Greenlands largest civil-infrastructure investment; early market engagement for construction/supply contractors; Arctic-programme logistics & procurement opportunities,"Construction companies, suppliers, contractors (early dialogue Apr-Jun); Arctic logistics/procurement partners",NunaGreen (state-linked developer; Greenland government/Naalakkersuisut oversight),Market engagement / tender (2026),https://nunagreen.com/,https://nunagreen.com/;https://nukissiorfiit.gl/;https://naalakkersuisut.gl/,82,2026-09-01
ARC-FAC-353,Inuvialuit Regional Corporation / Inuvialuit Development Corporation,Canada,"Inuvik, Northwest Territories",68.36,-133.73,Indigenous development corporation - investment/land/petroleum (western Arctic gateway),"Implements Inuvialuit Final Agreement; subsidiaries across investment, land & petroleum; western Arctic / Beaufort-Mackenzie gateway; annual revenue ~USD 337.9M; funds northern economic development",Inuvialuit beneficiaries; partner industry ventures,Inuvialuit Regional Corporation (IRC) / Inuvialuit Development Corporation (IDC),Active,https://inuvialuit.com/,https://inuvialuit.com/;https://irc.inuvialuit.com/,76,2026-09-01
ARC-FAC-354,Rosatom NSR Space-Comms Layer — BURO 1440 Domestic Satellite Broadband for the Northern Sea Route (Starlink alternative; ~70% NSR operating-time coverage by end-2026),Russia,Northern Sea Route corridor (corridor-wide satellite coverage; approx. central-NSR centre) / Moscow ground-ops,73.0000,80.0000,Industrial energy/telecom digital infrastructure (domestic satellite-broadband & comms for the Arctic corridor),"Deploys Russia's domestic satellite broadband for the NSR as a Starlink alternative, targeting ~70% of NSR daily operating time coverage by end-2026; improves polar maritime connectivity for icebreaker escort, Glavsevmorput vessel traffic control, remote NSR ports/berths and crew welfare; reduces dependence on foreign satellite providers; supports year-round navigation and digital/VTS logistics on the corridor","NSR vessels, Icebreakers (Atomflot), Glavsevmorput VTS, remote Arctic ports/terminals, crew & maritime/logistics operators on the corridor","BURO 1440 (satellite operator, Rosatom-affiliated GRID) under Rosatom NSR comms program / Glavsevmorput",ACTIVE (deployment; ~70% operating-time coverage target by end-2026),https://1440.space/,"rosatomnewsletter.com/2026/05/26/rosatom-pushes-for-year-round-nsr-operations/ (Rosatom-affiliated: BURO 1440 NSR coverage ~70% operating-time by end-2026, domestic Starlink alternative); newswireonline.com/northern-sea-route-year-round-navigation-plan/ (independent: BURO 1440 ~70% daily operating time by end-2026); 1440.space (BURO 1440 official: integrated terrestrial+satellite broadband). NAME DISAMBIG: distinct from ARC-FAC-343 (Royal Greenland Tasiilaq), ARC-FAC-348/349 (LNG terminals), Gazprom Space Systems Yamal constellation (ARC-PROG-521) — this is the NSR-specific domestic broadband/space-comms layer; pin is corridor-wide approximate centre",70,2026-09-01
ARC-FAC-355,"Greenland Mines Ltd - Helguvik Industrial Complex (First Right of Refusal; downstream critical-metals processing hub), Reykjanes Peninsula",Iceland,Helguvik (Reykjanesbaer; near Keflavik Intl Airport),64.0058,-22.4127,"Processing / industrial capability (brownfield, eco-industrial)","~60,000 m2 site (incl. ~10,000 m2 existing industrial buildings); access to deep-water Port of Helguvik; up to 40 MW grid-connected power; former 33 MW electric-arc-furnace building + high-voltage/water/compressed-air/cranes; near Keflavik airport; North Atlantic critical-minerals corridor (Greenland->Iceland->Europe/NA); framework plan for eco-industrial park in Helguvik-Bergvik area","Greenland Mines Ltd via First Right of Refusal with Reykjanes Investment over Stakkbraut 9; downstream/industrial tenants; subject to engineering studies, permitting, economics, investment",Greenland Mines Ltd (Nasdaq:GRML); Reykjanes Investment (site owner); Port of Reykjanes / Helguvik Harbour authority,AGREEMENT (FRO executed 2026; framework-plan/feasibility stage; no confirmed construction start yet),https://investornews.com/member_news/greenland-mines-executes-strategic-downstream-agreement-on-helguvik-industrial-complex-in-iceland/,"investornews.com (FRO with Reykjanes Investment, ~60,000 m2, 40 MW, Stakkbraut 9, deep-water port); miningsee.eu (Greenland Mines Helguvik IC, 60,000 m2, 40 MW, eco-industrial park, North Atlantic corridor); NAME-DISAMBIG: distinct from ARC-PORT-111 Helguvik NATO Fuel Depot (63.9900,-22.4000) - different site/owner/purpose",78,2026-09-04
ARC-FAC-356,Greenland Mines (Nasdaq: GRML) — Skaergaard 2026 Field Program + Icebreaker Argus charter (IceTugs ApS),Greenland,"Skaergaard, Blosseville Coast, east Greenland (near Kangerlussuaq fjord)",68.1800,-31.8000,Critical-minerals field program + Arctic marine logistics (icebreaker support vessel deployment),"Charter agreement with IceTugs ApS to deploy icebreaker support vessel Argus for the 2026 Skaergaard field program; strengthens Arctic logistics infrastructure and enables efficient execution of the exploration/drilling program for the Nasdaq-listed developer; 03-Sep-2026 six-month shareholder letter: 2026 program ~7,500 m helicopter-supported diamond core drilling (contract Nordisk Fundering A/S) plus bulk sampling, geotechnical work and WSP environmental baseline studies; high-resolution bathymetric survey of approach fjords completed; Q4-2026 milestones: bulk sample shipment to GTK Mintec (Finland) for large-scale flowsheet testwork, helicopter photogrammetry + detailed geological/structural maps and DTMs, advancement toward an Initial Assessment; 17-Aug-2026 milestones: bathymetric survey campaign complete (Icelandic Lagenes ehf, survey vessel M/V Byr) and all HQ-diameter core for the multi-tonne metallurgical bulk sample recovered by Nordisk Fundering A/S — program transitioned to NQ-size resource-definition/geotechnical drilling for remainder of season; 20-Aug corporate update: first blasting for the large bulk sample of Au-Pd-Pt mineralized zones complete (blasted material to metallurgical/flowsheet studies; interstitial Fe-Ti oxide material collected for by-product evaluation); July-2026 S-K 1300 TRS (SLR Consulting): Indicated PdEq grade +36% and contained Indicated PdEq oz +31% vs 2022 estimate",Mining/exploration field program (Greenland licence) requiring ice-class logistics support; 2026 summer field season,Greenland Mines Ltd. (Nasdaq: GRML) x IceTugs ApS,Active (2026 field program),https://ir.greenlandmines.com/greenland-mines-secures-icebreaker-argus-for-2026-skaergaard-field-program,"https://ir.greenlandmines.com/greenland-mines-secures-icebreaker-argus-for-2026-skaergaard-field-program (official PR, 2026-03-25); https://finance.yahoo.com/sectors/energy/articles/greenland-mines-secures-icebreaker-argus-120000366.html (Yahoo Finance); https://investornews.com/member_news/greenland-mines-shareholder-letter-recaps-six-months-of-achievement-highlights-coming-milestones-for-q4-2026 (shareholder letter recap, 2026-09-03); https://www.newmediawire.com/news/greenland-mines-grml-highlights-sarfartoq-closing-and-skaergaard-development-progress-7089232 (independent, 2026-09-03); https://www.globenewswire.com/news-release/2026-08-17/3346143/0/en/greenland-mines-delivers-two-key-milestones-at-skaergaard-bathymetric-survey-completed-initial-metallurgical-core-drilling-concluded.html (official PR, 2026-08-17); https://finance.yahoo.com/markets/commodities/articles/greenland-mines-grml-completes-skaergaard-193000988.html (independent follow-up)",85,2026-09-04
ARC-FAC-357,Green Ammonia Berlevåg (GAB) — Aker Horizons x Varanger Kraft 100 MW green-ammonia bunkering plant,Norway,Berlevåg,70.857,29.092,Green hydrogen/ammonia facility (PtX bunkering),"100 MW electrolyser; ~100,000-200,000 t/yr ammonia; green bunkering for Arctic deep-water & fishing vessels + off-grid communities; uses renewable power from Varanger Kraft Raggovidda wind farm; located at berth for direct Arctic-shipping bunkering; supports decarbonizing Arctic shipping + Svalbard coal/diesel replacement (Longyearbyen ~20,000 t ammonia to be coal-independent)",Aker Horizons + Varanger Kraft co-owned JV; mature green-H2/ammonia project in Europe; commercial production targeted for Arctic shipping fuel,Green Ammonia Berlevåg AS (Aker Horizons x Varanger Kraft),In development / mature concept (feasibility + concept passed; 100 MW first phase),https://www.innovationnewsnetwork.com/decarbonising-shipping-in-the-arctic-green-ammonia-berlevag/25211,"innovationnewsnetwork.com (Aker Horizons + Varanger Kraft 100 MW Green Ammonia Berlevåg); arcticeconomiccouncil.com 'Winds of Change' (Berlevåg 100,000-200,000 t/yr ammonia; Svalbard-Longyearbyen ~20,000 t coal-independence); highnorthnews.com (feasibility/concept passed); ammoniaenergy.org (Aker/VNG term sheet, 100 MW electrolyser). NAME DISAMBIGUATION: distinct from ARC-FAC-307 Varanger KraftHydrogen Berlevåg hydrogen + Haeolus pilot and ARC-FAC-344 Barents Blue (Hammerfest); this row is the GAB co-owned ammonia JV",80,2026-09-02
ARC-FAC-358,GreenH Hammerfest (Rypefjorden) - 7.5 MW RFNBO maritime hydrogen bunkering hub,Norway,Hammerfest,70.6633,23.6821,Green hydrogen/RFNO (RFNBO) production facility (maritime bunkering),7.5 MW electrolyser producing Renewable Fuel of Non-Biological Origin (RFNBO) hydrogen; ~12 kt RFNBO hydrogen over 10 yrs; direct marine bunkering from production site; ~80 kt CO2-eq avoided over first decade; part of GreenH planned RFNBO corridor along Norwegian coast,GreenH + municipality letter of intent; power-co. discussions; EU funding ~NOK 256M; NO4 bidding zone (renewable-rich grid); maritime off-taker alignment,GreenH,PLANNED (target startup 2029),https://energywatch.com/EnergyNews/Renewables/article18559085.ece,https://energywatch.com/EnergyNews/Renewables/article18559085.ece + https://infra.taiyo.ai/all_public/details/projects/greenh-hammerfest?id=caPY5ZkB_6AnFnyNKdDz&index=dpdata2_projects_eu_funded-v5,72,2026-09-02
ARC-FAC-359,"NATO DIANA test centre — Norway (ICE worx Arctic / FFI), Arctic cold-weather defence-innovation arena",Norway,"Setermoen/Bardufoss (Målselv, Troms)",68.8626,18.3478,Defence innovation / dual-use test centre (NATO DIANA network),"NATO Defence Innovation Accelerator for the North Atlantic (DIANA) Arctic test centre at FFI ICE worx Arctic; connects Norwegian Armed Forces, researchers and tech firms to develop/test dual-use (civilian+defence) tech under real Arctic conditions; accelerates innovation, shares risk/cost, opens Allied defence market + export channels. Arenas: Setermoen/Bardufoss (Arctic), Rena, Rygge, Horten, Kjeller.","Norwegian tech companies, academia, startups and military units developing dual-use / defence-adjacent innovations; DIANA-backed companies gain test-centre access, accelerator, mentor network and Allied markets.",FFI (Forsvarets forskningsinstitutt / Norwegian Defence Research Establishment) under NATO DIANA,ACTIVE (Norway hosts a NATO DIANA test centre; ICE worx Arctic as brand — multiple arenas incl. Arctic Setermoen/Bardufoss),https://www.ffi.no/aktuelt/nyheter/ffis-innovasjonssatsing-ice-worx-blir-nato-testsenter,"OFFICIAL ffi.no (FFI: 'FFIs innovasjonssatsing ICE worx blir Nato-testsenter' — ICE worx Arctic as DIANA test centre, five arenas incl. Arctic Setermoen/Bardufoss, Rena, Rygge, Horten, Kjeller, links Forsvaret/researchers/tech firms); OFFICIAL forsvarsfondet.no/diana (DIANA NATO network, Norway participation via single test centre ICE worx Arctic at FFI); OFFICIAL NATO nato.int (DIANA: 16 accelerators, 200+ test centres, HQ London/Tallinn/Halifax); forsvaretsforum.no (NATO places test centre in Norway, FFI Kjeller, regional offices, 47 test centres). NAME DISAMBIG: distinct from the Kirkenes-based proposed 'DIANA Dual Tech Center' (Kystutviklingssenteret) — this row is the officially-established FFI ICE worx Arctic NATO DIANA test centre.",86,2026-09-02
ARC-FAC-360,Sør-Varanger Energy Cluster (Sør-Varanger Energiklynge) — green-transition energy development cluster,Norway,Kirkenes (Sør-Varanger),69.7270,30.0505,Regional energy / industrial cluster initiative (green transition),"Coordinates energy-related activities and collaborates among Sør-Varanger/Varanger actors to strengthen local industry via green transition; expands use of hydrogen, ammonia, wind and solar to build a future-oriented competitive economy with local/regional value creation and specialised expertise; supports energy security, sustainability and economic development in Kirkenes & neighbouring communities.","Local/regional industry, energy project developers, SMEs, municipalities and knowledge institutions in Sør-Varanger/Varanger pursuing green energy + industrial development; partner project collaboration.","Sør-Varanger Utvikling AS (SVU) / Kystutviklingssenteret (Coastal Development Centre), Kirkenes",ACTIVE (regional development initiative; SVU 2026 entrepreneurship portfolio incl. ICE + Arctic Circular Economy Summit + energy cluster),https://www.kystutviklingssenter.no/en/2024/01/16/sor-varanger-energy-cluster/,"OFFICIAL kystutviklingssenter.no (EN: Sør-Varanger Energy Cluster — regional energy development initiative in Kirkenes, coordinates energy activities, cooperation, energy security/sustainability/economic development); OFFICIAL kystutviklingssenter.no (NB: Sør-Varanger Energiklynge — repositioning Sør-Varanger/Varanger via green transition, hydrogen/ammonia/wind/solar, local value creation + specialised expertise); OFFICIAL sorvarangerutvikling.no ARSRAPPORT 2025 (SVU & Øst-Finnmark Kunnskapssenter annual report: funding, ICE brand, Hubs in Kirkenes/Vadsø/Tana, energy/innovation initiatives); OFFICIAL regionalomstilling.innovasjonnorge.no/artikkel/sor-varanger (Innovation Norway regional omstilling: 40M NOK, Barents Sea value creation, border-region + entrepreneurship focus). NAME DISAMBIG: distinct from separately-registered Maritime Industrial Cluster Kirkenes AS (ARC-FAC-361) and from the Varanger KraftHydrogen plant (ARC-FAC-307).",78,2026-09-08
ARC-FAC-361,Maritime Industrial Cluster Kirkenes AS (org. 919061847) — Barents Sea service-port cluster company,Norway,Kirkenes (Sør-Varanger),69.7225,30.0565,Maritime / industrial cluster company (service-port development),"Develops a maritime/industrial cluster to promote Sør-Varanger as a service port for maritime and industrial activities; provides maritime, industrial and oil/gas services in the Barents Sea; invests in other companies; share capital NOK 30,000, established 2017, co-owners incl. Kirkenes Tre Eiendom, Arctic Dive, Sør-Varanger Eiendom, Nor Lines Norway (~8.3% each).","Maritime/industrial service providers, oil & gas and Barents Sea operators, cluster partners; company invests in and co-ordinates cluster members.","Maritime Industrial Cluster Kirkenes AS (org. 919061847), Kirkenes","ACTIVE (registered Norwegian AS, unit updated in Enhetsregisteret 2026-05-16)",https://biztrac.no/selskap/919061847,"biztrac.no/selskap/919061847 (Maritime Industrial Cluster Kirkenes AS org 919061847, NACE 71.129, established 2017, share capital NOK 30,000, co-owners ~8.3% each incl. Kirkenes Tre Eiendom AS, Arctic Dive AS, Sør-Varanger Eiendom AS, Nor Lines Norway AS; unit updated 16 May 2026); proff.no (Norwegian business registry aggregator: Kirkenes-region maritime/industrial cluster context); kystutviklingssenter.no/en (regional maritime/industrial development context in Sør-Varanger). NAME DISAMBIG: distinct from Sør-Varanger Energy Cluster (ARC-FAC-360) and from the municipal port authority Kirkenes Havn Sør-Varanger KF (ARC-PORT-076).",68,2026-09-08
ARC-FAC-362,Liinakhamari Western Gate Container & Cargo Transshipment Complex (OOO Pribrezhny) — NSR West-Gate hub,Russia,"Liinakhamari (Pechenga, Murmansk Oblast) — Devkina Zavod bay",69.6333,31.2500,Industrial (Arctic transshipment terminal / container Ro-Ro hub),"~500k TEU container terminal + up to 1M t/yr cargo transshipment; up to 300k DWT vessels; deep natural draft to 20 m; ice-free year-round (Gulf Stream); 35 nm shorter deviation, lower traffic, Korzunovo airport 30 km; green-bond finance under Minvostokrazvitiya; transfers Arctic-class to conventional (NSR West-Gate); 30k m2 storage + 20k m2 production, 5 ha, 300 m waterfront",Arctic-class / transit & project cargo operators; NSR transshipment; Belarusian + Russian shippers; open to foreign ships (RF Gov decree remote terminal of Murmansk port),OOO Pribrezhny (project developer),PLANNED / pre-investment (MoU & engineering surveys; AZRF-adjacent green-bond finance under consideration),https://maritime-executive.com/blog/new-port-planned-for-russia-s-growing-northern-logistics-chain,"maritime-executive.com/blog/new-port-planned-for-russia-s-growing-northern-logistics-chain (OOO Pribrezhny, 5 ha/300m waterfront, 30k+20k sqm, up to 1M t, Ro-Ro/Lo-Lo/Ro-Lo, green bonds, Korzunovo airport 30km, deep 20m, remote terminal land secNo21/water secNo3 open to foreign ships); allaboutshipping.co.uk/2020/03/12/northern-logistics-chain/ (Western Gate, Arctic->conventional, NSTC, green bonds); ru.thebarentsobserver.com/razrabotciki-ne-otkazyvautsa-ot-grandioznyh-planov-stroitelstva-porta-v-pecengskoj-gube/221768 (500k TEU container + 1M t transshipment, up to 300k DWT, rail line to Nickel/Murmansk). CONF 78 VERIFIED (2+ indie sources + RF Gov decree basis); NAME DISAMBIG: distinct from Murmansk Com Sea Port / Lavna / NewNew container terminal",78,2026-09-02
ARC-FAC-363,Alyeschem North Slope Chemical & Fuels Facility (first US-Arctic petrochemical plant — methanol + ULSD),USA,"Prudhoe Bay, North Slope, Alaska",70.2554,-148.3816,Petrochemical / fuels manufacturing (stranded natural gas + captured CO2 -> methanol/hydrogen; hydrogen refines ultra-low-sulfur diesel),"First petrochemical plant in the US Arctic; converts stranded North Slope natural gas + waste CO2 into methanol and ULSD locally, cutting supply-chain risk; ~$140M total cost; AIDEA financing up to $70M plus private equity (BP Energy Partners, McKinley Alaska)",North Slope value-add/energy-security industrial project; located on AIDEA-laid gravel pad at Prudhoe Bay; requires AIDEA/tax-incentive financing + feedstock gas pipeline agreements,Alyeschem LLC (CEO J.R. Wilcox; AIDEA/BP Energy Partners/McKinley Alaska Private Investment),Construction (groundbreaking 2026-05-15; production targeted end-2027),https://alyeschem.com,"aidea.org (OFFICIAL: Alyeschem holds groundbreaking ceremony for North Slope chemical & fuels facility funded by AIDEA; 05-21-2026 press release); aleschem.com (groundbreaking; methanol + ULSD, running by end 2027; site agreement, North Slope gas to Fairbanks); akbizmag.com/industry/oil-gas/alyeschem-breaks-ground-on-north-slope-petrochemical-factory (May 23 2026: Prudhoe Bay, AIDEA gravel pad, first petrochemical plant in US Arctic, $70M of ~$140M AIDEA financing, BP Energy Partners + McKinley Alaska); petroleumnews.com/story/2026/05/31/news/alyeschem-holds-groundbreaking-ceremony/50176.html (methanol + ULSD, North Slope gas + waste CO2, hydrogen refining); facebook.com/DCCEDAK (Alaska DCCED: May 15 2026 groundbreaking, first petrochemical plant in US Arctic). NAME DISAMBIGUATION: this is a chemical/fuels factory on the North Slope, distinct from the Prudhoe Bay Oil Terminal (ARC-PORT-024) and Prudhoe Bay Oil Complex (ARC-BIZ-023) — a value-add manufacturing plant, not a loading terminal.",85,2026-09-02
ARC-FAC-364,Syradasaysky (Syradasay) Coking Coal Deposit & Mining Complex — Taymyr Coal Cluster (AEON/Sberbank),Russia,"Taymyr Peninsula, Taimyr Dolgano-Nenetsky District, Krasnoyarsk Krai (110 km SE of Dikson; between Yenisei/Pyasina/Syradasay rivers)",72.7448,82.6790,Mining / coking-coal extraction & export (industrial cluster incl. coal-preparation plant + Yenisei seaport + power plant + rotational worker village),"Among Russia's richest coking-coal fields (resources ~5.3 B t); Phase 1 production 5M t/yr rising to 10M t/yr; ~RUB 33.8bn invested (AEON + Sberbank); supports up to 7M t/yr coal export via the Yenisei seaport / Northern Sea Route; first commercial batch (35k t) loaded to China; creates ~1,200 jobs; anchors Taymyr coal-cluster industrialisation",Russian mining/infrastructure investors; AEON (project developer) + Sberbank (financing); engineering survey approved by Glavgosexpertiza; coal prep plant + Yenisei seaport + 110km road + power plant; export via Yenisei seaport and NSR,AEON Group (developer) + Sberbank (financing); AEON-Dikson coal cluster JV; NSR/Yenisei export logistics,Active (first coal loaded to China; Phase 1 operation; expansion to 10M t/yr planned),https://arctic-russia.ru/en/project/a-hidden-fire-of-the-permafrost,"gem.wiki/Syradasaysky_Coal_Mine (exact coords 72.744855/82.679009, Taimyr Dolgan-Nenetsky, Krasnoyarsk); en.portnews.ru/news/354955 (110 km SE of Dikson; Phase 1 terminal); ensib.ru/engineering-survey-for-syradasay-coal-deposit-project-approved-by-glavgosexpertiza (5.3 B t resources; Glavgosexpertiza approval); ensib.ru/the-loading-of-coal-from-krasnoyarsk-region-s-northernmost-deposit-has-started (first 35k t loaded to China); sber.bank.in/media/news/taymyr-coal-project-to-boost-economic-development-in-the-arctic (RUB 33.8bn; 5M t -> 10M t; Yenisei seaport + coal prep plant + power plant + rotation village; TASS-sourced); thebarentsobserver.com/industry-and-energy/coal-diggers-are-building-a-settlement-on-the-taymyr-tundra/112648 (Taymyr settlement build); tass.com/economy/1885909 (1,200 jobs; Taymyr coal cluster); arctic-russia.ru/en/article/the-power-of-arctic-coal (OFFICIAL AZRF portal; >100km from Dikson; Arctic); en.kremlin.ru/events/president/news/68188 (OFFICIAL: up to 7M t coal along NSR by 2026). CONF 86 VERIFIED (3+ independent incl. official); NAME DISAMBIGUATION: distinct from Elginsky (Sakha/Yakutia) coal mine and Mir Mine — this is the Taymyr Syradasaysky deposit near Dikson.",86,2026-09-02
ARC-FAC-365,JSC Port Alliance — multi-terminal stevedoring group consolidating MCSP + Murmansk Bulker + Murmansk Container + Tuapse Bulker + Daltransugol + Maly Port Stevedoring (Nakhodka),Russia,"Murmansk (MCSP HQ; terminals incl. Murmansk Bulker, Murmansk Container; Nakhodka Maly Port)",68.9800,33.0700,"Port group / stevedoring operator alliance (JSC Port Alliance, formed Mar-2024)",Combined >53M t/yr capacity; MCSP largest Arctic stevedore >24M t/yr; consolidated Murmansk transport hub + NSR container-transshipment capability; ~45M t/yr rail-unloading capacity agreement with RZD,"Terminal operators in Port Alliance group (MCSP, Murmansk Bulker, Murmansk Container, Tuapse Bulker, Daltransugol, Maly Port Stevedoring)",JSC Port Alliance,ACTIVE (group formed Mar-2024),https://www.marineinsight.com/port-of-murmansk-receives-first-container-shipment-from-china-via-northern-sea-route/,"marineinsight.com (Port Alliance >53M t/yr, MCSP >24M t/yr); arctictoday.com; thecoalhub.com (MTU rail unload 45M t/yr, Murmansk transport hub); russiaspivottoasia.com (Lavna/MTU rail 45->100 Mt) | GIS-QA densify 2026-09-08: Port Alliance offset to Portovyy/MCSP container zone",80,2026-09-08
ARC-FAC-366,Narvik Green Ammonia (NGA) — Aker Horizons x Statkraft 600 MW green-ammonia / hydrogen plant (Kvandal/Lailasletta),Norway,"Narvik, Nordland (Kvandal / Lailasletta site, near Bjerkvik)",68.5492,17.5571,Industrial energy facility (green hydrogen / ammonia PtX production + coastal export terminal),"Up to 600 MW electrolyser (400-600 MW concept) producing up to 1,000-1,500 t/day green ammonia; renewable hydro+wind power via long-term Statkraft agreement; ~1.0-1.5M t/yr ammonia export; coastal export terminal at Lailasletta near Kvandal for pipelines to Rostock/Wilhelmshaven (Germany) and Rotterdam (Netherlands); positions Narvik as a Northern-Norway / Arctic green-fuel export hub and supports maritime decarbonisation + European green-ammonia market; FID aimed 2025, site prep 2026, commercial operation ~2029.","Green-hydrogen / ammonia offtakers (maritime, industrial, European energy companies); Narvik Green Ammonia DA JV (Aker Horizons x Statkraft) commercial structure; not an SME grant — large industrial PtX project",Narvik Green Ammonia DA (Aker Horizons x Statkraft JV); Statkraft long-term power agreement,DEVELOPING (FID aimed 2025; site prep 2026; commercial operation ~2029),https://www.statkraft.com/newsroom/news-and-stories/2023/aker-horizons-and-statkraft-join-forces-to-develop-large-scale-green-ammonia-project-in-narvik/,"statkraft.com (OFFICIAL Statkraft 2023 announcement: Aker Horizons + Statkraft, Kvandal, up to 600 MW, 1,000-1,500 t/day green ammonia, JV Narvik Green Ammonia DA, FID aimed 2025, commercial ~2028); nsenergybusiness.com (Narvik Green Ammonia project page: Kvandal & Lailasletta, 400-600 MW, FID Q3-Q4 2025, site prep 2026, commercial 2029, export via coastal terminal at Lailasletta to Rostock/Wilhelmshaven/Rotterdam); akerhorizons.com (Aker Horizons green-ammonia portfolio, Norway). NAME DISAMBIG: distinct from ARC-FAC-357 (Green Ammonia Berlevåg, Aker x Varanger Kraft 100 MW) and ARC-FAC-344 (Barents Blue, Horisont Energi, Hammerfest) — this is the Narvik/Kvandal project; coords are Narvik-area centroid",80,2026-09-08
ARC-FAC-367,"Svalbard Energi / Store Norske — Hotellneset new main diesel power station + tank facility (Longyearbyen, NOK 1.2B)",Svalbard (Norway),"Hotellneset, Longyearbyen, Svalbard",78.2486,15.4880,Industrial energy facility (new main diesel power plant + fuel tank farm; energy-modernisation),"NOK 1.2B budget (2026-2029) for a new main diesel power station + tank facility + distribution-network upgrades at Hotellneset, Longyearbyen; first construction-tender stages issued Q1 2026, build start aimed autumn 2026; project owner Svalbard Energi AS (Store Norske group); KU (environmental consequence assessment) programme under Sysselmesteren (public hearing, feedback deadline 25 May 2026, prepared by Asplan Viak with Store Norske); 2-phase — Phase 1 new diesel plant + tank farm, then ~10-yr distribution-network upgrades; hardens Svalbard main power / district-heat backbone and emergency preparedness; open to local + mainland contractors under equal conditions.",Longyearbyen energy infrastructure / emergency preparedness; project owner Svalbard Energi AS (Store Norske state-owned group); not an individual/company grant — state-supported utility capital project,Svalbard Energi AS (Store Norske group); KU prepared by Asplan Viak AS with Store Norske,UNDER DEVELOPMENT (public hearing May 2026; tender Q1 2026; construction start autumn 2026; budget 2026-2029),https://www.sysselmesteren.no/nb/nyheter/2026/04/horing-utredningsprogram-for-hovedkraftstasjon-og-tankanlegg-pa-hotellneset/,"sysselmesteren.no (OFFICIAL Sysselmesteren Svalbard 2026-04: KU hearing for proposed main power station + tank facility at Hotellneset, SEAS project owner, Asplan Viak KU with Store Norske, deadline 25 May 2026); at.no (independent construction trade: Store Norske tender, NOK 1.2B 2026-2029, build start autumn 2026, Svalbard Energi AS owner, two-phase, open to local+mainland contractors); svalbardposten.no (independent Svalbard media: 'hopes for start in September' 2026, project manager Bergit Svenning). NAME DISAMBIG: distinct from ARC-FAC-305 (Svalbard Energi utility overall row) — this models the specific Hotellneset main power station + tank facility construction project; distinct from ARC-FAC-318/339 (Svalbard/Jan Mayen subsea fibre) and references the Hotellneset KU also noted inside ARC-PORT-080 (Longyearbyen harbour programme)",82,2026-09-08
ARC-FAC-368,Boden Industrial Park / Bodenxt — Norrbotten green-industrial transformation cluster (hosts Stegra H2 steel),Sweden,"Boden, Norrbotten",65.8252,21.6893,"Industrial cluster / municipal development platform (green-steel, green-H2 ecosystem)","Municipal Bodenxt platform coordinates rapid industrial expansion across 5 pillars (skills supply, housing/living, business development, above+below-ground infrastructure, site integration); hosts Stegra (formerly H2 Green Steel) 700 MW green-H2 + green-steel mega-project (~SEK 16B / EUR 1.4B Wallenberg-led financing Apr 2026; 37 thyssenkrupp nucera electrolysis modules installed; 145 m DRI tower; 2.4 Mt/yr decarbonised steel; ~630 workers on site, first steel targeted 2026/27); new Stegra-Boden Industrial Park rail connection + Softronic electric locomotive (mid-2026) links plant to Malmbanan/ports of Lulea & Narvik; Boden Jarnvag AB PPP (Bodens kommun + Polar Structure, Peab contractor, 6 km rail sanctioned by Transportstyrelsen June 2026)","Industrial tenants/investors in green steel, hydrogen, energy-intensive manufacturing; municipal land/facility allocations; nationally and EU-strategic green-transition projects",Bodens kommun (Boden municipality) / Bodenxt platform + Region Norrbotten,ACTIVE (Stegra construction ramping; rail + water-treatment infra being delivered 2026-27; broader park expanding),https://boden.se/en/community-and-development/community-development/bodenxt,"boden.se 2026-04-14 (OFFICIAL Boden municipality Bodenxt news: SEK 16B/EUR 1.4B Wallenberg-led financing secured to advance Stegra green steel, housing+infra effort); bodenbusinesspark.com (OFFICIAL Boden Business Park: funding ""boosts Bodens development""); stegra.com (OFFICIAL Stegra: 700 MW green H2 plant, Strategic Net-Zero Project by Tillvaxtverket, EUR 1.4B financing, rail link to Boden Industrial Park + Green Cargo freight); steamorbis.com + industrialinfo.com 2026 (independent: EUR 1.4B financing, 37 electrolysis modules (20 MW each), first green steel 2027, 5 Mt/yr ramp by 2030); railwaynews.net (independent: Softronic locomotive inaugurated the Stegra-Boden Industrial Park rail connection mid-2026 to Ore Line/Malmbanan for Lulea & Narvik ports); norran.se (independent: 145 m DRI tower milestone). NAME DISAMBIGUATION: distinct from ARC-FAC-319 (Stegra company/facility) and ARC-FAC-320 (Lulea Industripark) — this row is the Boden municipal industrial park + Bodenxt platform that hosts Stegra.",85,2026-09-03
ARC-FAC-369,"Nordic Hydrogen Route (NHR) — cross-border Bothnian Bay hydrogen-pipeline network (Vaasa–Örnsköldsvik, branch Kiruna/Gällivare)",Finland / Sweden,"Bothnian Bay coast: Vaasa (FI) – Örnsköldsvik (SE), branches to Kiruna & Gällivare",59.8,20.8,Cross-border energy/industrial-hydrogen infrastructure corridor (EU Project of Common Interest),"~1,400 km dedicated buried hydrogen pipelines meeting up to 65 TWh/yr regional demand by 2050; creates open Nordic hydrogen market (early 2030s); unlocks ~EUR 5.5B project + up to 10x follow-on renewable/H2 investment; enables fossil-free steel (LKAB/Stegra), aviation/maritime e-fuels, green industry; EU PCI status 8 Apr 2024 enabling streamlined permitting + CEF funding; EUR 29.4M CEF Energy co-financing secured (2025); public consultations in 11 municipalities from Nov 2026; construction ~2029, phased open market from early 2030s","Hydrogen producers/offtakers, green-industry clusters, Nordic/Baltic energy infrastructure; EU PCI/CEF funding path; TSO-level project (Gasgrid Finland / Nordion Energi)","Gasgrid Finland (FI gas TSO) + Nordion Energi (SE gas TSO, H2 AB)",Feasibility phase completed; design phase 2025-29; public consultation begun Nov 2026; permitting underway; construction target ~2029,https://nordichydrogenroute.com/,"gasgrid.fi/en/hydrogen-development/nordic-hydrogen-route/ (OFFICIAL Gasgrid: ~1,400 km, PCI April 2024, EUR 5.5B, 65 TWh by 2050, phases incl. design->construction ~2029, branch to Kiruna industrial area); nordionenergi.se (OFFICIAL Nordion Energi: NHR & Baltic Sea Hydrogen Collector PCI, ~1,000 km Bothnian Bay, branches Gällivare/Kiruna); nordichydrogenroute.com (OFFICIAL project site: PCI 8 Apr 2024, feasibility completed); nordionenergi.se news 2026 (public consultations from Nov across 11 municipalities, EUR 29.4M CEF Energy 2025); norran.se (independent regional press); gasgrid.fi bulletins (official launch + feasibility). NAME DISAMBIGUATION: distinct from Power2Earth ammonia plant (ARC-FAC-320 Lulea context) and Plug Power Finland green-H2 (ARC-FAC-322) — this row is the Gasgrid+Nordion cross-border transmission network, not a single production plant.",90,2026-09-03
ARC-FAC-370,North Pole drift ice base / Arctic research-logistics station complex (presidential decree),Russia (Arctic Ocean — central North Pole region),Central Arctic Ocean (drift-ice base region),89.5,0.0,State decree / Arctic research-logistics facility (drift-ice base),"Presidential decree approving a North Pole ice base and additional Arctic scientific projects; supports year-round Arctic presence, geographic/scientific research, logistics capability and sovereignty in the central Arctic Ocean; tied to declaring 2027 the 'Year of Geography' and Russian Geographical Society programmes; complements NSR / TATC infrastructure build-out and the AZRF whole-Arctic SEZ investment climate (ARC-PROG-640)","State programme; Arctic research institutes, Russian Geographical Society and logistics support; not an SME or commercial grant",Government of the Russian Federation (presidential decree) with Russian Geographical Society involvement,ACTIVE (decree approved 2026),https://polarjournal.net/putin-approves-north-pole-base-and-additional-arctic-projects-by-decree,"polarjournal.net (independent Arctic news: Putin approves North Pole ice base and additional Arctic projects by decree, linked to Russian Geographical Society congress and proposed 2027 'Year of Geography'); en.kremlin.ru (OFFICIAL Kremlin decree/source on Arctic projects and ice base). NAME DISAMBIGUATION: DISTINCT from Svalbard/Longyearbyen research stations (ARC-CITY / Norway) and from the AZRF industrial SEZ row (ARC-PROG-640) — this is the central Arctic drift-ice / North Pole base facility.",75,2026-09-03
ARC-FAC-371,Inussuk A/S — Pituffik (Thule) Space Base maintenance & facilities-services complex (Greenland First),Greenland,"Pituffik (Thule), NW Greenland (HQ Nuuk)",76.5314,-68.7031,"Strategic US Space Force base — facilities-maintenance, airport-operations, port/logistics & workforce-programme complex (Greenland First co-owned contractor)","12-year U.S. Space Force base-maintenance contract (from 2023-10-01, to ~2035) worth up to ~DKK 27.7B transferred from prior holder Vectrus; services span facility management, power & heating, healthcare, fire/rescue, airport operations/dispatch, IT/non-secure comms, road/ground repair, port & logistics/fuel management, vehicle maintenance/autoshop, housing/canteen/food service; CSR ""Greenland First"" prioritises local hiring, apprenticeship ramp 20->22 (2027) across trades (office assistant, terminal worker, painter, auto mechanic, machine operator, culinary assistant, marine engineer, heavy-equipment mechanic), Greenlandic school/college partnerships and local-supplier sourcing; ~300 staff (~80% Denmark / rest Greenland); CVR 43050036",Base Maintenance & Services (Inussuk A/S = Permagreen Grønland A/S 51% x Vectrus Services Greenland A/S 49%; ultimate owner V2X Systems LLC); apprenticeship candidates need Greenland/Denmark permanent address + clean record (Danish MFA security clearance),"Inussuk A/S (Permagreen Grønland A/S x Vectrus Services Greenland A/S; directors Jeppe Bloch Steffensen, Thomas Kofod Bentsen; auditor Deloitte)",ACTIVE (2023-10-01 to 2035; apprentice/workforce ramp ongoing; US Space Force modernization potential),https://sulisitsisut.gl/en/news/business-of-the-month-inussuk-a-s/,"sulisitsisut.gl Greenland Business ""Business of the Month: Inussuk A/S"" (official Greenland trade body: Pituffik Space Base maintenance contract, Greenland First, local recruitment/skills development); sermitsiaq.ag/samfund/inussuk-satser-intensivt-pa-flere-laerepladser-i-pituffik/2074047 (independent national daily: 22 apprentices by 2027, ~300 staff, 80% Denmark, 12-yr US Air Force contract from Oct 1 2023, V2X via Permagreen/US Space Force, director Jarl); knr.gl/da/nyheder/direktor-om-pituffik-kontrakt-til-fordel-gronland (national broadcaster: 12-year deal up to DKK 27.7B, all Pituffik maintenance/services, Greenland First, local jobs/apprenticeships); sjob.gl job-dk (independent job board: Inussuk JV Permagreen 51%/Vectrus 49%, base services, 9-20 apprentices/yr, US Space Force at Pituffik); proff.dk CVR 43050036 (official register: est 2022-02-09, revenue DKK 472M 2025-09, purpose = Pituffik maintenance for US Space Force). NAME DISAMBIG: distinct from Thule Air Base-era prior contractor Vectrus (2014-2023) and from other Greenland facilities firms (Inussuk Group apps separate).",90,2026-09-03
ARC-FAC-372,"Norterminal AS — Gamneset (Korsfjord, Sør-Varanger) Arctic Oil & Petroleum Terminal",Norway,"Gamneset / Korsfjord, Sør-Varanger",69.7607,29.9581,Industrial energy / oil & gas transshipment & storage terminal (planned/proposed),"~100 ha coastline lease (Norterminal x Finnmarkseiendommen/FeFo) at Gamneset/Korsfjord; up to 1,000,000 m³ crude storage (caverns + tanks); 150–300 port calls/yr (up to 300,000 DWT vessels); up to ~10 Mt crude/yr throughput; regional transshipment & storage hub to serve Barents Sea & Arctic oil/gas production; investment NOK 1.5–4B; 60–110 jobs; positions Kirkenes as a North-Atlantic / Northern Sea Route transshipment gateway; municipal re-regulation to industrial use underway",Private industrial project (no public-grant eligibility); operator Norterminal AS (led by Jacob B. Stolt-Nielsen); land via long-term lease from Finnmarkseiendommen (FeFo); subject to Sør-Varanger Kommune re-regulation to industrial use + approvals,Norterminal AS (Jacob B. Stolt-Nielsen); landowner/parent Finnmarkseiendommen (FeFo); Sør-Varanger Kommune,"Planned / proposed (site selected — ~100 ha FeFo lease; Sør-Varanger Kommune industrial re-regulation underway); concept proposed 2012, not yet constructed",https://norterminal.no/norterminal-fefo-sor-varanger-kommune/,"norterminal.no/norterminal-fefo-sor-varanger-kommune/ (OFFICIAL Norterminal: ~100 ha Korsfjord/Gamneset coastline lease with FeFo, NOK 2–4B, Sør-Varanger Kommune industrial re-regulation); thebarentsobserver.com/energy/new-arctic-oil-terminal-in-finnmark/237509 (independent Barents Observer: 1M m³ storage caverns/tanks, 150–300 calls, up to 300,000 DWT, 10 Mt/yr, NOK 1.5–2B, 60–110 jobs); maritimeprofessional.com/news/arctic-terminal-planned-finnmark-227354 (independent trade press: 2012 proposal, Barents/Kara field logistics, Russian customers); anlegg.bygg.no (industry press: Norterminal Gamneset as Arctic transshipment hub). VERIFIED multi-source. NAME DISAMBIG: distinct from Kirkenes port authority Kirkenes Havn Sør-Varanger KF (ARC-PORT-076) and from Maritime Industrial Cluster Kirkenes AS (ARC-FAC-361) — this is the Norterminal-owned Gamneset/Korsfjord crude-oil terminal in Sør-Varanger | GIS-2026-09-07 densify: Gamnes OSM/Photon 69.7607/29.9581 (Korsfjord W of Kirkenes); norterminal.no/terminal/location",78,2026-09-07
ARC-FAC-373,Sapphire Springs Inc - Arctic Char Cold-Water Aquaculture & Processing Facility (largest in Canada),Canada,"Stony Mountain / RM of Rockwood, Manitoba (near Winnipeg)",50.0840,-97.4570,Industrial facility (cold-water aquaculture / finfish protein; Arctic char RAS + processing),"CAD 145M investment; 325,000+ sq ft of production space; on track to open 2026 and produce ~5,000 t/yr of Arctic char, increasing global supply by up to 50%; Province of Manitoba provided a repayable loan of up to CAD 10.75M (Economic Development, Investment, Trade and Natural Resources); strengthens Canadian Arctic/cold-water protein capacity",Private investor-led; Province of Manitoba provided a repayable loan (up to CAD 10.75M) in support,Sapphire Springs Inc.,"Under construction - on track to open 2026, initial production ~5,000 t/yr",https://canada.constructconnect.com/joc/news/government/2024/09/manitoba-supports-development-of-145-million-arctic-char-facility,"canada.constructconnect.com/joc (2024-09: CAD 145M, largest in Canada, Province repayable loan up to CAD 10.75M, on track 2026, 5,000 t/yr, +50% global supply, Minister Jamie Moses); businessviewmagazine.com/rm-of-rockwood-mb/ (2026: 145M, 325,000+ sq ft, under construction, shipping 2027)",82,2026-09-03
ARC-FAC-374,"Greenland Anorthosite Mining A/S (GAM) - Piiaaffik Itersarmiut Allit Anorthosite Mine (30-year Exploitation Licence, Jean Boulle Group)",Greenland,"Qeqertarsuatsiaat (settlement, west coast south of Nuuk; mine site NE of village)",64.5500,-52.1500,Industrial facility (anorthosite mine + beneficiation; E-glass / green-aluminium feedstock),"30-year Exploitation Licence granted by Government of Greenland 21 May 2025 (signed by Minister Naaja H. Nathanielsen and CEO Claus Stoltenborg); uniquely high-purity low-alkali high-alumina anorthosite deposit discovered by Jean Boulle Group exploration at nearby Fiskenaeset; end-use: anorthosite feldspar for E-glass reinforcement (transport, construction, green-energy composites), potential green-aluminium (micro-silica) and calcium feedstock; mining + dry beneficiation with no harmful waste, crushed-rock by-product for road building; ~20 years of prior exploration investment, MRE + SRK/ALS studies, offtake agreements with industrial buyers in place; first of three exploitation licences Greenland issued in 2025 under the streamlined revised Mining Act; DISAMBIGUATION: distinct from Lumina's White Mountain anorthosite project (ARC-PORT-083, Qeqertarssuatsiaat ~67.0N) and from the settlement Qeqertarsuaat/Disko Island - this site is at Qeqertarsuatsiaat ~64.5N, Sermersooq municipality","Licence holder Greenland Anorthosite Mining A/S (majority-owned by Jean Boulle Group, Danish-French venture); local hiring and community benefit agreements with Sermersooq municipality; EIA/SIA and Impact Benefit Agreement conditions per Mineral Resources Act",Greenland Anorthosite Mining A/S / Jean Boulle Group (Naalakkersuisut - Government of Greenland licence),ACTIVE - 30-year exploitation licence since 21 May 2025,https://govmin.gl/2025/05/the-government-of-greenland-grants-an-exploitation-licence-to-greenland-anorthosite-mining-a-s,govmin.gl official MRA licence announcement (21 May 2025) | gam.jp/wp-content/uploads/2025/05 company press release PDF | jeanboullegroup.com corporate announcement | mining-technology.com/news/greenland-anorthosite-mining | chambers.com article,95,2026-09-03
ARC-FAC-375,"GreenRoc Strategic Materials / Greenland Graphite A/S - Piiaaffik Amitsoq Graphite Mine (30-year Exploitation Licence, EU strategic CRMA project)",Greenland,"Nanortalik (licence area north of town, Kujalleq municipality)",60.3500,-45.3500,Industrial facility (graphite mine + concentrate plant + planned active-anode-material processing),"30-year Exploitation Licence for graphite signed 8 Dec 2025 by Minister Naaja H. Nathanielsen and CEO Stefan Bernstein (Greenland Graphite A/S, wholly-owned Greenland-registered subsidiary of AIM-listed GreenRoc Strategic Materials Plc); one of the world's highest-grade graphite deposits: JORC 23 Mt @ 20.41% graphitic carbon (4.71 Mt contained C); planned ~80,000 t/yr concentrate; revival of the historic Amitsoq mine last worked 1914-1922; EU strategic-project designation under the Critical Raw Materials Act (secure non-Chinese battery-graphite supply for EV makers in Europe/North America); downstream plan includes pre-feasibility-validated facility converting mined graphite into active anode material for Li-batteries; EUR 5.2M EIFO (Danish export credit) loan Oct 2025; approval in 1 yr 3 mo from application - fastest under revised Mining Act; mine + closure plan due 31 Dec 2028, mining start no later than 31 Dec 2030; third Greenland exploitation licence of 2025; DISAMBIGUATION: 'Piiaaffik Amitsoq' (this mine, north of Nanortalik ~60.3N) is not the interior Amitsoq lake region (~63N) nor the Nuuk Amitsoq fjord","Licence holder Greenland Graphite A/S (GreenRoc Strategic Materials Plc, LSE/AIM: GROC); EIA + SIA reports pending Government approval with 35-day public consultation; binding Impact Benefit Agreement required with Municipality of South Greenland + Naalakkersuisut before mining",GreenRoc Strategic Materials Plc / Greenland Graphite A/S (Naalakkersuisut - Government of Greenland licence),ACTIVE licence since 8 Dec 2025 - pre-development (EIA/SIA + mine plan stage),https://govmin.gl/2025/12/the-government-of-greenland-grants-an-exploitation-licence-to-greenland-graphite-a-s,govmin.gl official MRA licence announcement (8 Dec 2025) | mining.com/greenland-grants-30-year-licence-to-eu-backed-graphite-project (9 Dec 2025) | investingnews.com GreenRoc RNS 'Greenland Government Grants Exploitation Licence for Amitsoq' | kalkine.co.uk LSE:GROC licence note,95,2026-09-03
ARC-FAC-376,"Andøya Space AS — Andøya Spaceport 'Bleikya' (Bleik, Andøy) + Andøya Rocket Range & Aerospace Harbour cluster",Norway,"Bleik, Andøy Municipality (Nordland)",69.2529,16.0166,Spaceport / dual-use aerospace industrial facility (state-owned commercial),"Norway's and continental Europe's first commercial orbital launch site: Andøya Spaceport (Bleikya, opened for orbital launches 2022-23) enables small-satellite launches to polar/Sun-synchronous orbits from European soil (Isar Aerospace Spectrum first orbital launch attempt from Andøya 30 Mar 2025); site operates a world-class technology test range (1,200+ sounding/sub-orbital rockets since 1962; ESA/NASA/JAXA/DLR missions; supports SvalRak in Ny-Ålesund); 2025 MoU with Kongsberg Defence & Aerospace (satellite launch, system integration, testing, long-term infrastructure) and LOI with Rheinmetall Nordic (civil + military space operations) anchor a national space value chain; 'Spaceport Norway' ecosystem (partners: Norwegian Space Agency NOSA, Andøya Space, Innovation Norway) plus Andøy Municipality/Nordland County political backing drives regional business growth (space business, innovation hub, tourism, housing, connectivity); ~108-200 employees, HQ Andenes/Bleiksvegen 46","Commercial/institutional launch and test-range customers (satellite operators, New Space companies, research agencies); dual-use and defence customers via Kongsberg/Rheinmetall partnerships; regional suppliers via Spaceport Norway cluster events (Arctic2 Andøya Satellite Summit, Aug 2025, 140+ participants)","Andøya Space AS — 90% Royal Norwegian Ministry of Trade and Industry, 10% Kongsberg Defence & Aerospace (CEO Ketil Olsen); spaceport subsidiary Andøya Spaceport AS (President Ingun Berget)","OPERATIONAL (sub-orbital since 1962; orbital spaceport active, launch cadence scaling 2025-26)",https://andoyaspace.no,"andoyaspace.no news 'KONGSBERG and Andøya Space to strengthen Norwegian space capabilities' (OFFICIAL company page) | en.wikipedia.org/wiki/Andøya_Space (ownership split 90% Ministry of Trade and Industry / 10% Kongsberg; 1,200+ rockets since 1962; SvalRak support; spaceport project est. 2018, first European soil orbital launches) | kongsberg.com 2025 news (official MoU confirmation) | spacewatch.global 2025-09 (Andøya Space–Rheinmetall LOI) | spaceport-norway.no Arctic2 summit page (NOSA/Andøya Space/Innovation Norway partners). NAME-DISAMBIG: Andøya Space (company) vs Andøya Spaceport (orbital facility at Bleik) vs SvalRak (Svalbard sub-orbital facility it supports) vs SSC Esrange Kiruna (Sweden) — distinct entities; Andøya is in Nordland county, NOT Lofoten proper (adjacent archipelago)",92,2026-09-03
ARC-FAC-377,"Helgeland Aqua Service AS — aquaculture service & ship-management base, Sleneset (Lurøy), Nordland",Norway,"Sleneset, Lurøy Municipality, Nordland",66.3637,12.6086,Marine fish-farming services / wellboat & work-vessel operations,"Limited company in marine fish-farming services (organ. nr. 926 808 001, registered 3 Mar 2021); technical & commercial ship management for the aquaculture fleet; headquartered at Industriveien 19, N-8762 Sleneset on the Helgeland coast; part of the Nova Sea Aquaservice group (19-entity corporate group, ultimate parent Occasione By Olaisen AS) serving live-carrier, service-vessel and offshore-deployment logistics for Norwegian salmon farming",Commercial aquaculture services company (private); serves MOWI/Nova Sea-type farm operators along the Nordland coast,Helgeland Aqua Service AS (private),"ACTIVE (registered 2021, in operation)",https://www.proff.no/selskap/helgeland-aqua-service-as/sleneset/akvakultur/IFBSPMP000M,"proff.no (org. nr. 926 808 001, Industriveien 19, 8762 Sleneset, 'Del av Nova Sea Aquaservice') + yra.no/en/company/926808001 OFFICIAL-BRONNOYSUND-REGISTER-DATA (marine fish farming services, inc. 2021-03-03) + trusteddocks.com/ship-owner/192308 (ship management profile) + firmview.no (group: Occasione By Olaisen AS, 19 entities); geocoded via OSM Nominatim (8762 Sleneset = Lurøy, NOT Alstahaug)",88,2026-09-03
ARC-FAC-378,"Sapujjijiit Inc. — Canada's first Inuit-owned full-spectrum defence company (Qikiqtaaluk Corporation × ONE9 joint venture), HQ Iqaluit",Canada,"Iqaluit, Nunavut",63.7467,-68.5170,Defence industrial capability (Inuit-owned JV company),"Co-founded 17-Oct-2025 in Iqaluit by Qikiqtaaluk Corporation (Inuit-owned economic development corporation, majority Inuit ownership) and Ottawa-based defence venture firm ONE9; 'Sapujjijiit' = 'defender of the Arctic' in Inuktitut; positions itself as the conduit between Canadian defence-tech startups and major northern infrastructure work — radar sites, airfields, communication networks, DND Northern Operational Support Hubs (announced Mar-2026) and NORAD modernisation projects; plans in-house manufacturing, R&D and systems integration for drones, robotics and cold-weather sensors in the Far North; Validate/Integrate/Build/Test/Deploy/Defend model",Arctic defence and dual-use technology integration; partnerships with Inuit-owned businesses and communities; Canadian and allied defence-tech firms seeking northern access and validation,Sapujjijiit Inc. (JV of Qikiqtaaluk Corporation and ONE9 Investments),Active (launched Oct-2025; early-stage build-out),https://www.qcorp.ca/qc-services/sapujjijiit,"qcorp.ca Sapujjijiit corporate page OFFICIAL + theglobeandmail.com 'Inuit business leaders head new defence firm' Nov-2025 + nunatsiaq.com 'New Inuit defence company' 29-Oct-2025 secondary; NAME-DISAMBIG: Sapujjijiit Inc. (defence JV, this row) vs Saputi/Saputi II (fisheries vessels, parked) vs Qikiqtaaluk Corporation parent (ARC-PROG-371 QHAS icebreaking JV, separate subsidiary)",90,2026-09-03
ARC-FAC-379,"Afrikanda perovskite rare-earth & titanium complex (JSC Arkmineral-Resurs), Murmansk Oblast",Russia,"Afrikanda (near Imandra lake / station Afrikanda, Murmansk Oblast)",67.2500,33.5200,Mining & processing complex (TiO2 + niobium + tantalum + rare earths),"First modern Russian integrated production of three product groups — pigment titanium dioxide, niobium/tantalum compounds and rare-earth oxides/concentrate; predicted resources 626.2 Mt complex ore, 52.18 Mt TiO2, 863 kt REE (+303 kt other); license to JSC Arkmineral-Resurs valid to 2045; pilot/production samples planned 2027, full industrial output from 2030 after mining-processing plant (GOK) construction; CAPEX RUB 28.3B in 2022 prices (inflation re-estimate pending); ore contains 17 rare-earth elements; framed by Rosnedra and analysts as economic/technological sovereignty project; military unit relocation near Murmansk underway for the project (2026); anchors the Murmansk rare-earth cluster concept + regional industrial-park plan for deep REE processing (Korporatsiya razvitiya, Nov-2025). NAME DISAMBIGUATION: distinct from ARC-FAC Lovozersky GOK loparite operation (sole existing Russian REE miner, Rosatom Nedra, modernization to 12 kt/yr concentrate by 2030 per Minpromtorg) and from Kovdorsky GOK (baddeleyite/iron) — this is the new-build Afrikanda perovskite complex row.","Investors/suppliers in the value chain; regional SMEs via the planned Murmansk REE-processing industrial park; off-take customers for TiO2, Nb/Ta and REE products",JSC Arkmineral-Resurs (project operator); Murmansk Oblast investment portal / Korporatsiya razvitiya MO support,ACTIVE (pilot production target 2027; industrial 2030),https://arctic-russia.ru/project/osvoenie-afrikandskogo-mestorozhdeniya-rzm-belyy-poroshok-iz-redkikh-zemel,"arctic-russia.ru project page OFFICIAL-RU-ARCTIC-INVESTMENT-PORTAL (Minvostokrazvitiya; resource figures); rosnedra.gov.ru press item OFFICIAL-FEDERAL-AGENCY (Africanada integrated TiO2/Nb/Ta/REE production); hibiny.ru 21-Nov-2025 (2027 pilot / 2030 industrial, RUB 28.3B, Arkmineral-Resurs); news.tek.fm 441284 (same, sourced to Vedomosti SZ + Arctic investment portal); murmansk.rbc.ru 29-Oct-2025 (military relocation for project); ruwiki/ru.wikipedia (resources)",88,2026-09-03
ARC-FAC-380,"Kajaani Raksila data-centre & supercomputing campus (LUMI + planned Microsoft/OpenAI 1.4 GW AI campus), Kainuu, Finland",Finland,Kajaani,64.2270,27.7349,Industrial digital-infrastructure campus (HPC/AI data centres),"Official Finnish structural-funds programme site calls Kajaani 'the Arctic capital of data centres and supercomputers': LUMI EuroHPC supercomputer consortium (CSC, 2021); planned Microsoft/OpenAI 1.4 GW AI data-centre campus at the former Rantsula paper-mill site (announced Nov-2024, EUR ~9-10B — largest private investment in Finnish history; construction start pending permit appeals — Vaasa administrative court upheld main building permit Feb-2026); Huoneetta Arctic Data Center (est. 2013, one of the first Arctic hyperscale facilities); GPU-farm operators + Caruna regional grid reinforcement; complements ARC-PROG-581 AIKA ecosystem row — this is the physical campus/facility row. RESTORE NOTE: row first logged 2026-09-03 22:5x cycle but absent from CSV at audit; re-committed verbatim.",EU/EEA research organisations and startups via LUMI access calls; hyperscale/AI tenants for campus build-out; regional suppliers under Microsoft Finland investment programme,CSC (LUMI) / Microsoft + OpenAI (planned campus) / Huoneetta Arctic Data Center; City of Kajaani + Business Kainuu,"PARTIAL-OPERATIONAL (LUMI + Huoneetta live; MS/OpenAI campus permitted, construction pending appeals 2026-27)",https://rakennerahastot.fi/en/northern-finland,"rakennerahastot.fi OFFICIAL-FINNISH-STRUCTURAL-FUNDS ('Arctic capital of data centres and supercomputers'); microsoft.com announcement Nov-2024 (1.4 GW campus, EUR 9-10B); yle.fi + datacenterdynamics.com permit-tracking chain (Vaasa court Feb-2026)",85,2026-09-03
ARC-FAC-381,"Sukhodol international agropark & port industrial complex (grain terminal + soy/rapeseed crushing + agri-machinery & UAV manufacturing), Shkotovsky District",Russia,"Bukhta Sukhodol (Shkotovo), Primorsky Krai",42.7167,132.8667,Industrial/port complex (agro-processing + bulk terminal + machinery manufacturing),"Anchor industrial asset of the first MTOR (see ARC-PROG-702): multifunctional cluster at Morport Sukhodol — grain terminal with design capacity up to 6 Mt/yr (rail + truck receiving fronts, silo-type storage, ship-loading machines, fully automated conveyor system per port project), oil-extraction plant for soy & rapeseed 450 kt/yr, tractor plant, combine-harvester production, UAV production, plus planned dairy and confectionery enterprises; cargo terminal; total investment RUB 28B; port project-capacity milestone 2031; existing port assets: universal bulk berth, own 220/27.5/10 kV substation, rail station Port Sukhodol; project portfolio includes mineral-fertilizer, LNG, LPG and methanol terminals + container/general-cargo complex + bunkering base; positioned as multimodal hub of international transport corridors Primorye-1 and Primorye-2 connecting NE-China provinces (and Kazakhstan/CIS grain flows) to Asia-Pacific exports; MTOR status adds free-customs-zone procedure + 15-yr stability for residents",n/a — investor industrial complex; operations under MTOR resident regime once site created,"Morport Sukhodol (port operator, office@morportsuhodol.ru) + JBA Beidahuang Agriculture Holdings Co. / fund 'Kristall Rosta' consortium",Under development (grain terminal anchor; IGA 2026; full capacity 2031),https://sukhodol.ru,"sukhodol.ru OFFICIAL-PORT (grain terminal up to 6 Mt/yr, universal berth, 220 kV substation, planned fertilizer/LNG/LPG/methanol terminals, MTC Primorye-1/2) + primamedia.ru/news/2427628 (450 kt/yr extractor, tractor/combine/UAV plants, RUB 28B, 2031) + portnews.ru/news/383569 + dairynews.ru (Beidahuang/JBA EEF-2025 agreement) + eastrussia.ru 23-Oct-2025, conf 90, VERIFIED, name-disambig from Sukhodol shipyard SSJ (Fokino) and from ARC-PROG-702 regime row (this is the physical industrial-capability row)",90,2026-09-03
ARC-FAC-382,"Rovnoye industrial-logistics park (Amur bridgehead zone, Blagoveshchensk–Heihe crossing)",Russia (Amur Oblast),"Blagoveshchensky municipal okrug, Amur Oblast",50.2937,127.7749,"Greenfield industrial-logistics park under construction (physical capacity behind MTOR ""Rovnoye"")",">RUB 6B regional-budget greenfield infrastructure: 9.1 km roads, 17.7 km stormwater network + 310 m3/day treatment, 10 compact transformer substations + 10 kV/500 kVA distribution substation, 100 m3/day household-sewage network; completion 2027 (contract AO Asfalt); works started 28-Aug-2025. Anchors under build/agreement: Wildberries & Russ 120k+ sqm warehouse; Transporter multitemperature cross-dock hub (Russia–China–SEA container transload + hotel/cafe/24h guarded truck parking); As-Nova asphalt-concrete/beton-mix + bitumen-emulsion plant serving ""big construction"" projects; BAGK titanium-electrode production (development of its titanomagnetite chain); planned Xuanyuan (PRC) eco/smart-equipment industrial park. Positioned as e-commerce + manufacturing base of the ""Amur transport corridor"" and MTOR high-value-added production; portfolio RUB 25B / ~220 jobs (of which ~RUB 10B / 80 jobs MTOR).",n/a (facility; residents via ARC-PROG-708/696),"AO ""KRDV Amurskaya"" (site management company)",UNDER CONSTRUCTION 2025–2027,https://erdc.ru/tors/priamurskaya.html,"erdc.ru (2 official news items: start-of-construction + Dec-2025 progress; TOR Amurskaya page 53 residents/2403B/17875 jobs) OFFICIAL-KRDV + tass.ru/ekonomika/24899407 + ria.ru/20250829/rovnoe-2038274673 + ampravda.ru/2025-08-29 + gtrkamur.ru 10-Sep-2025 + 1prime.ru 18-Nov-2024 + logistics.ru + retail.ru + metalinfo.ru (BAGK) + eastrussia.ru 30-Dec-2025, conf 90, VERIFIED, name-disambig from TOR ""Amurskaya"" city sites (Blagoveshchensk proper) — this is the bridgehead-zone park facility row",90,2026-09-04
ARC-FAC-383,STaX Franklin Bluffs stranded-gas bitcoin-mining & data-centre test project (DNR land use permit LAS 35555),USA,"Franklin Bluffs state gravel pad, Dalton Hwy, North Slope Borough (~35 mi south of Deadhorse), Alaska",69.4667,-149.5167,"Stranded-gas power + modular compute pilot (state land use permit, 11 AAC 96)","Phase 1 proof-of-concept: 10 MW mobile gas-turbine generator sets powering 50 MW of modular bitcoin-mining pods on ~22.2 acres of state land (Section 9 T4N R14E Umiat Meridian), monetizing North Slope stranded natural gas that is otherwise reinjected; permit LAS 35555 approved by Alaska DNR (operator STaX Capital Partners, Wasilla). Context — the wider North Slope hyperscale-compute push: North Slope Power (with Twenty First Century Utilities, led by Larry Kellerman & Peter Corsell) proposes 3 GW of gas-fired generation scaling to 10 GW for hyperscale data centres (<5% of currently reinjected gas) [LIKELY, S&P Standard & Works]; STAK Energy (Anchorage, founder Sparrow Mahoney — SEPARATE company from STaX) markets itself as behind-the-meter hyperscale IPP developer claiming 790 MW 'concept to compute' and pursued a 50-year state land lease (public comment closed 15-Jun-2026); Hilcorp/TA Infrastructure 1.4 MW Endicott container pilot (2024) preceded these. NAME DISAMBIGUATION: STaX Capital Partners (Wasilla, Franklin Bluffs permit) ≠ STAK Energy (Anchorage, lease proposal) ≠ North Slope Power (3 GW proposal) — three distinct ventures.",n/a — private project under state land use permit; relevant to Arctic energy/compute supply chain,"STaX Capital Partners (Wasilla, AK); land manager: Alaska DNR Division of Oil & Gas / Land Section",Permit approved — Phase 1 test project (proof-of-concept for larger development),https://dog.dnr.alaska.gov/Document/Download/C7EA459AC0584F389F00321EF547E623/LAS%2035555%20STaX%20Franklin%20Bluffs%20Bitcoin%20Mining%20Test%20Project%20Land%20Use%20Permit%20-%20Approved.pdf,"dog.dnr.alaska.gov LAS 35555 approved permit PDF OFFICIAL-GOV (10 MW turbines / 50 MW pods / 22.2 acres / Franklin Bluffs) + standardandworks.com/p/north-slope-alaska-the-next-data-center-frontier (Stax 50 MW via Northern Journal, North Slope Power 3 GW→10 GW, TFC/Kellerman/Corsell) + stak.energy OFFICIAL-COMPANY (790 MW claim, 50-yr lease context) + alaskabeacon.com 20-Nov-2024 Herz (Endicott 1.4 MW pilot precedent)",90,2026-09-03
ARC-FAC-384,"AIDEA Houston (Mat-Su) ~19,950-acre industrial & energy district incl. large-scale data centre (ADL 234762 state land conveyance)",USA,"2 mi north of Houston, Matanuska-Susitna Borough, Alaska",61.6650,-149.7900,State land conveyance for public industrial/energy park (AS 29.65.010 noncompetitive public & charitable use sale),"Alaska DNR Division of Mining, Land & Water issued preliminary decision to convey ~19,950 acres of state land to AIDEA (Alaska Industrial Development and Export Authority, Juneau — state public energy finance authority) to develop a multi-use industrial & energy district including a large-scale data centre; AIDEA would own and manage the park; scoping opened 10-Jul-2026, comment window extended to 14-Sep-2026; concurrent Southeast Susitna Area Plan amendment SC-08-001A04, Land Classification Order and Mineral Order 1330. Policy context: Fairbanks North Star Borough Assembly added a data-centre moratorium request to its 2027 legislative priorities (Aug-2026); Juneau independently marketing AFCEC-26-R-0006 parcels for data centre/mining road use. NAME DISAMBIGUATION: distinct from AIDEA SBED loan programme (ARC-PROG-027).",n/a — public conveyance to state authority; future tenants unknown,"AIDEA + Alaska DNR Division of Mining, Land & Water","Public scoping/comment stage — preliminary decision issued, final decision pending (comments closed 14-Sep-2026)",https://aws.state.ak.us/OnlinePublicNotices/Notices/View.aspx?id=224879,"aws.state.ak.us OnlinePublicNotices id=224879 OFFICIAL-GOV (ADL 234762, ~19,950 acres, AS 29.65.010, scoping 10-Jul-2026, comments to 14-Sep-2026) + northern.org NAEC 3-Sep-2026 'Data center accountability is common ground for Alaskans' (institutional analysis, AIDEA data-centre intent)",88,2026-09-03
ARC-FAC-385,Polar Trans Port rear-base railway terminal (Arkhangelsk) — AZRF-resident NSR logistics group facility,Russia,Arkhangelsk inland railway terminal (Polar Trans Port rear-base),64.5520,40.5480,Rail freight/logistics terminal (industrial-transport capability; AZRF resident investment project),"Inland railway terminal opened 11-Nov-2025 in Arkhangelsk with regional governor Tsybulsky; capacity 200,000+ t/yr of mixed cargo; 3.2 km of new railway tracks built (2.3 km branch line), simultaneous storage of 500 TEU, 66 reefer-container power connection points, 60-t crane, specialised handling equipment. Investment project decided end-2021, AZRF resident status since 2022, accompanied by Arkhangelsk Oblast Agency for Regional Development. Built to serve growing Arctic projects of Rosneft, Nornickel and Novatek: cargo is processed at the rear base then moved to Arkhangelsk sea terminals for Northern Sea Route shipments; governor states company seaport throughput can double to 500-600 kt/yr, contributing to NSR cargo growth. Part of the 'Unified Transport-Logistical Complex' formed by the 2025 merger of Polar Trans Port with TK Severny Proekt (ice-class fleet operator, ARC-FAC-342).",Commercial freight customers (not a grant): Arctic project cargo owners (Rosneft/Nornickel/Novatek and others) using the terminal for NSR pre-port staging; operator holds AZRF resident preferential regime,OOO Polar Trans Port (group 'TK Severny Proekt' / Polar Trans; CEO Ilya Varlamov),OPERATIONAL (opened 11-Nov-2025; Trutnev + Tsybulsky working visit confirmed rail terminal as component of the group's Arctic transport-logistics complex),https://msp29.ru/news/v-arhangelske-otkryt-zheleznodorozhnyj-terminal-transportnoj-kompanii-polar-trans-port,"msp29.ru 11-Nov-2025 (OFFICIAL-GOV regional: Arkhangelsk Agency for Regional Development / My Business portal — opening with governor, 200k t/yr, 3.2 km tracks, AZRF resident 2022, Rosneft/Nornickel/Novatek customers, 500-600 kt seaport doubling quote) + polartrans.ru news (OFFICIAL-COMPANY: Trutnev/Tsybulsky terminal visit, part of TK Severny Proekt group Arctic transport-logistics complex) + korabel.ru 10-Nov-2025 (independent: 500 TEU storage, 66 reefer points, 2025 merger with TK Severny Proekt into Unified Transport-Logistical Complex, fleet 25 ice-class vessels) + metalinfo.ru 178435 (independent industry: 2.3 km branch, 60-t crane, decision 2022). NAME-DISAMBIG: Polar Trans Port LLC (terminal operator) vs TK Severny Proekt LLC (ARC-FAC-342, affiliated shipping operator; merged group) — distinct from vessel 'Severniy Proect' (IMO 9202053) [gis-densify-0938: Inland rail terminal densify N/E of seaport (msp29.ru opening; 3.2 km new tracks)]",92,2026-09-08
ARC-FAC-386,"Arctic Invest Shipping (Eco Shipping group) — AZRF-resident project: 3 Arc7 ice-class dry-bulk carriers (20,853 DWT each) for year-round NSR navigation, home port Murmansk",Russia,Murmansk (home port of registry; near MCSP),68.9860,33.0550,Arctic shipping fleet / NSR logistics investment project (AZRF resident),"RUB 13B investment, 63 jobs created. KRDV–Arctic Invest Shipping agreement signed at VEF-2026 (1-Sep-2026; signed by KRDV deputy GD for Arctic Development I. Chernov and Eco Shipping group GD Denis Kanataev): investor received AZRF resident status specifically for acquiring Arc7 ice-class dry-bulk cargo vessels; 3 ships to be built/delivered by 2029 (construction start from Sep-2026 per 28-Aug-2026 agreement between Murmansk Governor A. Chibis and Eco Shipping chairman Pavel Andreev, using the preferential AZRF residency mechanism). Purpose: year-round navigation on the NSR, increased general-cargo volumes and delivery reliability to Arctic ports; complements Zvezda-built Arc7 series (2nd vessel delivered Jun-2026). Eco Shipping is a direct-owner ice-class operator with own terminal service in Arkhangelsk port. VEF-2026 package ALSO includes a letter-of-intent between PJSC Sberbank and JSC Arctic Invest Shipping (3-Sep-2026): cooperation in maritime transport, shipping, shipbuilding and Arctic transport-logistics infrastructure — structuring, financing and banking support of investment projects incl. cargo-fleet renewal and Arc7 ice-class newbuilding for year-round NSR service (Sberbank = lead financing partner candidate for the 3x Arc7 programme).",Corporate investor project (not an open grant); AZRF residency under 193-FZ (see ARC-PROG-001/367); will migrate into ETOR unified regime from 1-Jan-2027 (ARC-PROG-706),"Arctic Invest Shipping LLC (part of Eco Shipping maritime group; chairman Pavel Andreev, CEO Denis Kanataev)","Committed — VEF-2026 agreement signed 1-Sep-2026, AZRF residency granted, vessels due by 2029",https://rg.ru/2026-09-01/rezident-arkticheskoj-zony-rf-priobretet-suda-dlia-kruglogodichnoj-navigacii-po-smp.html,"rg.ru 1-Sep-2026 'Резидент Арктической зоны РФ приобретет суда для круглогодичной навигации по СМП' (RG — state-owned official publication) + portnews.ru/news/396293 1-Sep-2026 (citing KRDV press service: AZRF residency, Arc7 dry bulk, Murmansk home port, RUB 13B, 63 jobs, Kanataev quote) + neftegaz.ru 1-Sep-2026 (source: KRDV; Chernov/Kanataev signing, 28-Aug Chibis–Andreev 3-ship 2026-2029 agreement) + sudostroenie.info/novosti/48220 (Eco Shipping VEF agreement package: three Arc7 dry bulkers 20,853 DWT each), conf 92, VERIFIED, NAME-DISAMBIG: 'Arctic Invest Shipping' (new Eco Shipping project vehicle) ≠ ООО 'Арктик Шиппинг' (unrelated St. Petersburg shipowner, INN 7839411780) ≠ Sovcomflot Arc7 LNG tankers for Arctic LNG 2 (Aleksey Kosygin etc.) ≠ ARC-FAC-385 Polar Trans Arkhangelsk rail terminal + roscongress.org 03-Sep-2026 ""Eco Shipping na VEF-2026"" (OFFICIAL VEF operator: Sberbank x AIS agreement of intentions) + vedomosti.ru press_releases 2026-09-03 + plus.rbc.ru pressrelease/6a9935867a8aa9e930501a61 + sudostroenie.info/novosti/48220 (per Roscongress press-service, 03-Sep) [gis-densify-0938: Murmansk registry homeport offset west of MCSP (Eco Shipping / Arctic Invest Shipping)]",94,2026-09-08
ARC-FAC-387,"Nordgold — Lenotap ore field GOK (mining & processing complex), Ircupkin municipal district, Chukotka — RUB 70B / ~1,000 jobs (VEF-2026 agreement)",Russia,"Egvekinot (Ircupkin MD, Chukotka AO)",66.3167,-179.1167,"Mining & processing industrial project (GOK), KRDV-supported investment agreement","RUB 70B investment, ~1,000 new jobs. Trilateral agreement signed at VEF-2026 (3-Sep-2026): Nordgold + KRDV + Government of Chukotka AO — 'modern closed-cycle high-tech cluster' planned at the Lenotap ore field in the Ircupkin municipal district. Project envisages a full complex of works for potential GOK creation (mining + beneficiation). Investor to receive Far East/Arctic preferential 'menu' of support measures (KRDV accompaniment). Nordgold holds the Lenotap licenses; company's anchor Russian asset is the Gross gold deposit (Yakutia). NOTE: companion VEF-2026 Nordgold agreement — copper cluster in Magadan oblast (RUB 80B+, ~2,000 jobs, 14 Cu-Mo-porphyry licenses, exploration since 2026) — deliberately NOT added: Magadan oblast lies outside the Russian Arctic Zone (Okhotsk coast), out of ATL geographic scope.","Corporate investor project (not an open grant); KRDV investment-accompaniment track; candidate for AZRF residency / future ETOR unified regime (see ARC-PROG-001/367, ARC-PROG-706)",Nordgold (GD Georgy Smirnov) with KRDV and Government of Chukotka AO,Investment agreement signed at VEF-2026 3-Sep-2026; pre-design stage — GOK construction decision pending exploration/feasibility results,https://erdc.ru/news/nordgold-krdv-i-chukotka-obedinyayut-usiliya-dlya-razvitiya-regiona-,"erdc.ru 3-Sep-2026 (OFFICIAL — KRDV press release: Nordgold+KRDV+Chukotka agreement, RUB 70B, 'closed-cycle high-tech cluster', Lenotap) + chukotka.рф official gov portal press centre 3-Sep-2026 ('VEF-2026: investor to put RUB 70B into high-tech GOK on Chukotka; 1,000 jobs') + rusmet.ru 3-Sep-2026 (independent trade: Lenotap field, deposits of Nordgold) + gold.1prime.ru 3-Sep-2026 (independent: RUB 70B Lenotap in Ircupkin MD within total 150B Kolyma+Chukotka programme) + primamedia.ru (Minvostokrazvitiya package of 7 VEF-2026 agreements incl. Lenotap), conf 90, VERIFIED, NAME-DISAMBIG: Nordgold (Smirnov, Gross/Yakutia) ≠ Nornickel ≠ Highland Gold; Lenotap ore field (Ircupkin MD, Bering Sea coast, Chukotka) ≠ Baimsky GOK (Baunt MD Buryatia, ARC-PROG-714 anchor) ≠ Kupol/Dukats mines (Kamchatka); Magadan copper cluster excluded as non-Arctic",90,2026-09-04
ARC-FAC-388,"Boliden AB — Laver copper mine project (Lill-Laverberget open pits), Älvsbyn, Norrbotten — Sweden's largest new copper source (government concession upheld 12-Aug-2026)",Sweden,"Laver (Älvsbyn Municipality, Norrbotten County)",65.7744,20.2366,Copper mining industrial project (bearbetningskoncession upheld by government),"Planned ~36M tons ore/yr from two open pits at Lill-Laverberget with on-site concentration; concentrate to Boliden's Rönnskär smelter. Indicative resources ~849.5 Mt @ 0.24% Cu (Cu-Au-Ag-Mo). Full operation could double Sweden's copper production and raise total EU output ~10% (regeringen.se). Boliden estimates ~2,000 direct+indirect jobs. Strategic raw material: copper for electricity grids and defence, cutting EU import dependence (minister Ebba Busch). Next steps: miljötilstånd application to mark- och miljödomstolen under miljöbalken, then investment decision.",Corporate mining project under minerallagen (not an open grant). Concession timeline: Bergsstaten granted Laver K nr 2 bearbetningskoncession Sep-2025; two environmental organisations appealed; government dismissed appeals 12-Aug-2026 (riksintresse for valuable minerals outweighs environmental/reindeer-herding objections per decision).,"Boliden AB (publ), Stockholm",Government klartecken 12-Aug-2026 (appeals dismissed); environmental-permit preparation underway — pre-investment stage,https://www.regeringen.se/pressmeddelanden/2026/08/regeringen-ger-klartecken-for-boliden-att-ga-vidare-med-ny-koppargruva-i-laver/,"regeringen.se 12-Aug-2026 (OFFICIAL-GOV press release: concession upheld, ~36 Mt/yr, two open pits Lill-Laverberget, double Swedish Cu output, +~10% EU) + svt.se Norrbotten (independent: Bergmästaren Sep-2025 concession, appeals rejected, next steps miljöprövning) + boliden.com Laver mineral-resources PDF 31-Dec-2025 (OFFICIAL-COMPANY: Älvsbyn Municipality, Laver K nr 2 concession + 2 exploration licences ~68 km², chalcopyrite Cu-Au) + evertiq.se 13-Aug-2026 (independent: 849.5 Mt @ 0.24% Cu, Cu-Au-Ag-Mo, ~2,000 jobs) + metallerochgruvor.se + norran.se, conf 95, VERIFIED, NAME-DISAMBIG: Laver Cu project (Älvsbyn, Boliden) ≠ LKAB Kiruna iron/REE mines ≠ historic Laver gruva 1938-46 (same site, now listed kulturmiljö per länsstyrelsen.se) ≠ Boliden Rönnskär smelter (Skelleftehamn, receiving end). MEDIA NOTE: some coverage (incl. regeringen headline text on norran.se) says 'Kalix'; Boliden's official project doc + SGU c452 + LTU thesis place the deposit in Älvsbyn Municipality ~40-50 km west of Älvsbyn — Kalix is the neighbouring municipality east.",95,2026-09-04
ARC-FAC-389,"K'áhsho Got'ı̨nę (KGTC) Trades Centre — Ne'Rahten Developments, Fort Good Hope (Radįlį Kóe), NWT — Dene-owned modular-housing factory with CanNor 4-yr operations funding",Canada,"Fort Good Hope / Radįlį Kóe (Sahtu Region, Northwest Territories)",67.4469,-125.9844,"Indigenous-owned industrial/manufacturing facility (modular housing production + trades training), CanNor-supported",Year-round all-season indoor factory producing modular homes ('homes built for the North'); first output two duplex units for Housing NWT under GNWT's 98-modular-home plan across nine communities (announced Oct-2025); 8 work assignments at launch plus building-trades apprenticeships. Funding stack: National Indigenous Collaborative Housing Inc $9.2M + CMHC Housing Supply Challenge ~$6M + CanNor ~$5M operational funding over four years (equipment and start-up operations agreement with Ne'Rahten Developments). Materials delivered via winter road. Facility opened June-2026; grand opening 28-Aug-2026.,"Community-owned enterprise (not an open grant). Operator Ne'Rahten Developments Ltd = business arm of Yamoga Land Corporation (Dene, Fort Good Hope). CanNor support via northern Indigenous economic-participation funding tracks (cf. ARC-PROG-499/524).",Ne'Rahten Developments Ltd. (Yamoga Land Corporation) with K'asho Got'ı̨nę Housing Society; design: Taylor Architecture Group,Operational since Jun-2026 (grand opening 28-Aug-2026); producing modular duplexes for Housing NWT,https://www.gov.nt.ca/en/newsroom/new-partnership-fort-good-hope-supports-community-led-housing-and-trades-training,"gov.nt.ca (OFFICIAL-GOV GNWT newsroom: Housing NWT + Ne'rahten partnership, two modular duplexes, 98-home plan, winter-road materials, apprenticeships, Apr-2026 opening) + cklbradio.com 4-Feb-2026 (independent GNWT wire: same, quotes Yamoga president Joseph Tobac, FGHC Chief Shawn Grandjambe, Housing Minister Lucy Kuptana) + cabinradio.ca Sep-2026 (independent: funding stack NICHI $9.2M + CMHC ~$6M + CanNor ~$5M/4yr, open since June, making homes) + nwtnews-north.com 27-Aug-2026 (independent: four-year CanNor operations agreement, ready-to-build, 28-Aug opening) + tagyk.com (architect project page), conf 90, VERIFIED, NAME-DISAMBIG: Ne'Rahten Developments (Yamoga Land Corp, Fort Good Hope) ≠ ARCAN Construction Ltd Yellowknife (ARC-FAC-335, separate 84-unit contract) ≠ Métis-Dene Development Fund (ARC-PROG-404, different org); Fort Good Hope = Radįlį Kóe (Sahtu, NWT) — not to be confused with other 'Good Hope' toponyms; KGTC distinct from the 2024 CMHC Housing Supply Challenge prize stage of the same project (predecessor funding, per cklbradio 12-Jun-2024)",90,2026-09-04
ARC-FAC-390,"Pavlovskoye Pb-Zn GOK (Rosatom/PGRK) - Novaya Zemlya (Yuzhny Island, Bezymyannaya Bay): Russia's northernmost mining cluster, 3.5 Mt ore/yr + 500k t/yr sea terminal, KRDV cooperation agreement",Russia,"Novaya Zemlya archipelago (Yuzhny Island), Arkhangelsk Oblast",72.12,53.42,Mining & processing industrial facility (GOK + dedicated sea terminal; TOR 'Stolitsa Severa' residency applicant),"One of Russia's largest Zn/Pb reserves (license area as of 01-Jan-2022: 47.7 Mt lead-zinc ore = 2.5 Mt Zn + 549.4 kt Pb; top-4 zinc / top-5 lead nationally); open-pit mining complex + concentrator + shift town, 3.5 Mt ore/yr; dedicated sea terminal at Bezymyannaya Bay 500k t/yr concentrate export (design 357k t/yr), included in NSR development plan (2025-2026 construction window); 2025 floating-process-plant redesign cuts capex ~2x to ~RUB 50B; TOR 'Stolitsa Severa' residency application = first implementation step (0% federal + <=5% regional profit tax first 5 yrs); NSR export logistics; commissioning deadline no later than 31-Dec-2031 (Minnatur requirement on licensee PGRK)",N/A (commercial project; preferential regime via planned TOR 'Stolitsa Severa' residency application),"AO 'Pervaya Gornorudnaya Kompaniya' (PGRK, licensee) under AO 'Rosatom Nedra' (mining-divison management co of State Corp Rosatom); cooperation agreement with KRDV signed at World Atomic Week",Pre-construction / design (GGE positive conclusion on GOK Sep-2025; port complex approved Mar-2022; floating-plant redesign in progress; 2024 memoranda with China NFC & Pauerite),https://erdc.ru/tors/tor-stolitsa-severa.html,"portnews.ru/news/382541 (independent maritime IA citing KRDV press service: agreement, 3.5 Mt ore, 500k t terminal, TOR Stolitsa Severa first step) + atomic-energy.ru 2025-09-30 (independent nuclear-industry outlet: signatories Verkhovtsev/Danilov/Kamenyev, PGRK operator) + goarctic.ru (OFFICIAL-INSTITUTIONAL PORA Arctic portal: top-4 Zn/top-5 Pb reserves, 1990s discovery, 2017 AZRF projects list) + metalinfo.ru/176949 (independent: World Atomic Week signing details) + hi-tech.mail.ru/RBC (independent: 47.7 Mt ore / 2.5 Mt Zn / 549.4 kt Pb reserves, floating factory ~RUB 50B capex halving, Minprirody commissioning deadline 31-Dec-2031, 2024 NFC/Pauerite memoranda) + portnews.ru/339130 (GGE Sep-2025 approval, Bezymyannaya Bay site on Yuzhny Island, 357k t/yr design cargo, NSR plan 2025-2026, Murmansk-transit context). NAME DISAMBIGUATION: Pavlovskoye Pb-Zn (Novaya Zemlya, PGRK/Rosatom) is NOT Pavlovskoye gold deposit in Chukotka (Pevek district, KRSO/Atas) NOT Pavlovskaya coal mine/GOK near Borodino (Krasnoyarsk Krai) NOT Petropavlovsk-Kamchatsky (ARC-PORT-167); distinct from ARC-PORT-050 Novaya Zemlya Ports (military/research) - this is a new commercial ore-export terminal at Bezymyannaya Bay; lat/lon approximate deposit locality",92,2026-09-04
ARC-FAC-391,"NewNew Shipping Line (China) x KRDV - Provideniya Bay NSR cargo-transshipment logistics complex (Chukotka): Arctic-class to conventional container vessel transshipment hub, RUB 5B / 100 jobs",Russia,"Provideniya, Chukotka Autonomous Okrug",64.3833,-173.3000,Logistics facility (transshipment hub; KRDV cooperation agreement),"Agreement signed 05-Sep-2025 at VEF-2025 (X Eastern Economic Forum) between NewNew Shipping Line (rep. Ke Jin) and KRDV Deputy GD Kirill Kamenyev; transshipment of cargo from Arctic-class vessels onto ordinary container ships to cut NSR shipping costs; total investment RUB 5B, 100 new jobs at commissioning; concept stage (project concept in development Sep-2025); Governor Vladislav Kuznetsov presented project to the President who backed it; site advantages: Port Provideniya deep-water and nearly ice-free, usable year-round, existing 4 berths + oil pier + utilities + access road to be built upon; NewNew has run China-Arkhangelsk NSR sailings since 2024 (see ARC-PORT-073/132, ARC-TNK-049/050, ARC-LANE-027); PNE-2025 (June) Kuznetsov-Ke Jin meeting on port modernization preceded the accord","N/A (commercial project; KRDV cooperation agreement, TOR/investment-residency pathway possible)",NewNew Shipping Line (PRC); KRDV - Corporation for Development of the Far East and Arctic (cooperation partner),Planning / concept development (VEF-2025 agreement 05-Sep-2025),https://arctic.ru/chukotka/20250905/1045617.html,"arctic.ru 05-Sep-2025 (OFFICIAL-INSTITUTIONAL RIA Arctic portal citing Minvostokrazvitiya press service: agreement, transshipment concept, RUB 5B, 100 jobs, Kamenyev quote) + eastrussia.ru 05-Sep-2025 (independent DFO outlet citing KRDV: 5B/100 jobs, concept stage) + prochukotku.ru (regional media IA Chukotka: Kuznetsov Presidential briefing + backing, deep-water nearly-ice-free year-round port, 4 berths/oil pier/utilities inventory, PNE-2025 June prior meeting, China-Arkhangelsk sailings since 2024) + ruscable.ru 09-Sep-2025 (independent: signatories Ke Jin/Kamenyev, 37.9 Mt 2024 NSR cargo context). NAME DISAMBIGUATION: NewNew Provideniya transshipment hub is a NEW commercial facility distinct from ARC-PORT-043 Port Provideniya (existing state port whose infrastructure it builds upon), from ARC-PORT-073 Arkhangelsk deep-water port zone (same investor, different region) and from ARC-PORT-132 Murmansk container berth; Provideniya (Chukotka) not to be confused with Provideniya-type names elsewhere",90,2026-09-04
ARC-FAC-392,"Nutekin Placer Gold Project (Anadyrsky District, Chukotka) - OOO OVERBEST RUS / Bering Zoloto licence",Russia,Anadyrsky District (pin at Anadyr admin centre; coords approximate),64.7320,-177.5050,Placer gold mining & production enterprise (VEF-2025 KRDV agreement),RUB 7B investment; ~700 kg/yr chemically pure gold; ~300 jobs; reserves >8 t gold; licence held since 2016 by OOO Bering Zoloto (OOO Overbest Gold co-founder since 2025); operating entity OOO Bering Chukotka (INN 8700002512) registered in Anadyr Dec-2025 managed by Overbest Gold; KRDV support in investment-attraction; AZRF preferential regime pathway,N/A (single named investor project),"OOO OVERBEST RUS (INN 9703081994, Moscow; GenDir Denis Martyanov) / OOO Bering Chukotka",Tripartite agreement signed at VEF-25 03-Sep-2025 (KRDV Kamenyev + Gov Chukotka Gov Kuznetsov + Overbest Martyanov); Trutnev: each new enterprise strengthens Chukotka economy; company had targeted start 2023 per its site; watch: GGR completion and production ramp-up,https://eastrussia.ru/news/zolotoe-mestorozhdenie-nutekin-nachnut-razrabatyvat-na-chukotke,"eastrussia.ru 03-Sep-2025 (independent regional IA: signatories Martyanov/Kuznetsov/Kamenyev, 7B/300 jobs/700 kg, Trutnev+Kuznetsov quotes) + nedradv.ru 03-Sep-2025 (NEDRADV correspondent at VEF venue: reserves >8 t, Anadyrsky MD, licence history Bering Zoloto since 2016, Overbest Gold co-founder since 2025) + prim.rbc.ru 03-Sep-2025 (RBC citing Minvostokrazvitiya official release: 700 kg/7B/300 jobs) + metalinfo.ru/176368 (KRDV-cited: Nutekin + Perevalnoye pair) + rusprofile.ru INN 8700002512 (official EGRUL: Bering Chukotka reg Dec-2025 Anadyr, founder+manager Overbest Gold INN 9725176270); NAME-DISAMBIG: Nutekin (Anadyrsky MD placer) != Lenotap/Sekushchee ARC-FAC-387 (MO Egvekinot, Novaya Syrevaya Kompaniya/Bitfly) != Pavlovskoye gold Chukotka (KRSO/Atas, cf ARC-FAC-390 disambig) != Perevalnoye lode-gold Khabarovsk Krai sister agreement (Ayan-Maysky MD, 40B RUB - non-Arctic, dropped); OOO Bering Zoloto (licensee) != OOO Bering Chukotka (new opco) != OOO Overbest Rus (Moscow signatory)",90,2026-09-04
ARC-FAC-393,"Critical Metals Corp (Nasdaq: CRML) — Tanbreez Rare Earth Project, Kringlerne, southern Greenland (PEA pre-tax NPV US$3.04B / IRR ~180%; GreenMet strategic partnership Aug-2026; exploitation licence through 2050)",Greenland,"Tanbreez, Kringlerne Island, near Narsaq, southern Greenland (Tunulliarfik Fjord)",61.0700,-45.3700,Critical minerals (heavy rare earth) mining project — PEA / development stage,"One of the largest undeveloped heavy-rare-earth (HREE) deposits outside China: maiden resource 45 Mt (44.97 Mt indicated+inferred) @ ~0.40% TREO with >27% HREE share (Dy, Tb, Y); eudialyte-hosted (no uranium/thorium above background — unlike Kvanefjeld/Kuannersuit); host layered kakortokite intrusion ~4.7 Gt, drilling to date covers ~5% of licence area, open laterally and at depth; gallium by-product zone under evaluation (China export-ban relevance) plus zirconium/niobium. Aug-2026 S-K 1300 technical report confirmed the resource; PEA: pre-tax NPV US$3.04B (~US$2.8–3.6B at 15%/12.5% discount rates), IRR ~180%; phased build — initial ~85,000 t REO/yr scalable to 425,000 t/yr via modular expansion; production targeted end-2028 with first export Q3-2029. Fully permitted: exploitation licence granted through 2050; year-round deep-water fjord shipping access; renewable-power supply discussions with Nukissiorfiit (Greenland national utility). 31-Aug-2026 strategic partnership with GreenMet (US public-private critical-minerals conduit, CEO Drew Horn) to fund/develop Tanbreez as a Western HREE source for defence & high-tech; GreenMet also facilitated 10-yr offtake LOI (up to 10,000 t/yr HREE concentrate, ~10% of initial production) to Ucore Rare Metals’ US DoD-funded processing facility (Alexandria, Louisiana); US offtake with REAlloys; EXIM Bank US$120M non-binding LOI (see ARC-PROG-625); board-approved US$30M development-acceleration programme incl. US$12.5M 2026 exploration & resource campaign (up to 6,000 m diamond drilling across Hill Zone + Upper Fjord deposits, bulk sampling for pilot-scale production), resource-expansion target ~130 Mt from current 45 Mt, first concentrate export targeted Q3-2029; independent valuations up to US$5.96B cited in trade media. Surface infrastructure: construction commenced on a multi-purpose storage + on-site laboratory + pilot-plant complex at Qaqortoq (logistics hub ~40 km from Kringlerne) for bulk sampling, metallurgical testing and pilot processing to generate customer samples for offtake advancement; initial accommodation/operational-support infrastructure completed and commissioned, drilling contractors mobilized with rigs positioned across priority targets (Hill Zone + Upper Fjord). FIGURE DISAMBIG: one trade-press mention of a '10,000 m' campaign (miningsee.eu) not corroborated by company PR (up to 6,000 m 2026 programme) — official figure kept. | OWNERSHIP UPDATE 04-Sep-2026: CRML proposed full acquisition of controlling shareholder European Lithium Ltd (ASX:EUR) via Court Schemes — completion would raise CRML Tanbreez ownership 92.5% -> 100%; Scheme Booklet lodged with ASIC, first court hearing (Supreme Court of WA) 09:15am AWST 15-Sep-2026 (watch: scheme meetings + implementation, target completion later 2026); sources: criticalmetalscorp.com official PR 28-Aug-2026 + globenewswire.com 28-Aug-2026 + stocktitan.net SEC-filings summary (3 independent, 2 official-company)",Critical-minerals developers and Western strategic capital; US/EU defence & magnet supply-chain offtakers; Greenlandic permitting via Naalakkersuisut / Ministry of Minerals (see ARC-PROG-657 for the 92.5% transfer + 60 North approvals),"Critical Metals Corp (Nasdaq: CRML, New York HQ; CEO Tony Sage) via Tanbreez licence holder; controlling shareholder European Lithium Ltd (ASX:EUR; combined EUR+CMC interest 49.5%, earn-in to 92.5%); strategic partner GreenMet Resources LLC (Washington DC)","DEVELOPMENT (fully permitted since 2020, licence to 2050; S-K 1300 TRS + PEA Aug-2026; GreenMet partnership 31-Aug-2026; Ucore 10% offtake Aug-2025; REalloys 15-year binding definitive offtake executed 20-May-2026 (15% of Phase 1 monthly production, Dy/Tb priority + ROFR, index pricing w/ 2% escalating floor - supersedes Oct-2025 LOI); EXIM US$120M LOI; production target end-2028)",https://www.criticalmetalscorp.com,"https://greenmet.com/press-release/greenmet-announces-strategic-partnership-with-tanbreez-to-secure-critical-rare-earth-supply (OFFICIAL-COMPANY: GreenMet strategic partnership with Tanbreez/Critical Metals, PEA NPV US$3.04B, licence through 2050, deep-water fjord access, >27% HREE, job creation + infrastructure benefits for Greenlandic economy) + https://www.mining.com/critical-metals-greenmet-partner-to-develop-tanbreez-rare-earth-project-in-greenland (independent 31-Aug-2026: partnership, PEA NPV/IRR 180%, phased 85 ktpa→425 ktpa REO, 44.97 Mt initial MRE ~1% of host rock, mining licence to 2050, only shovel-ready REE project in Greenland) + https://greenmet.com/news/greenmet-facilitates-landmark-10-year-offtake-agreement-connecting-critical-metals-tanbreez-project-with-u-s-department-of-defense-funded-rare-earth-processing-facility (OFFICIAL-COMPANY: 10-yr offtake LOI CRML x Ucore, up to 10,000 t/yr HREE concentrate ~10% of initial production, DoD-funded Alexandria LA facility) + https://www.miningsee.eu/european-lithium-accelerates-critical-minerals-strategy-as-greenlands-tanbreez-advances/ (independent: Qaqortoq storage/lab/pilot-plant complex construction begun, US$30M acceleration plan) + https://simplywall.st/stocks/us/materials/nasdaq-crml/critical-metals (independent aggregator of company disclosure: Qaqortoq facility + accommodation infrastructure completed/commissioned, rigs mobilized to priority targets) + https://interestingengineering.com/energy/greenmet-tanbreez-deal-for-greenlands-minerals (independent: gallium content, 4.7 Gt kakortokite unit, 27% HREE, low-radiation profile) + https://www.proactiveinvestors.com.au/companies/news/1074795/european-lithium-begins-resource-upgrade-drilling-at-tanbreez-rare-earth-project-in-greenland-1074795.html (independent: 2026 resource-upgrade drilling, EXIM US$120M LOI, earn-in structure) + https://investingnews.com/maiden-mineral-resource-estimate-45mt-tanbreez-rare-earth-project-greenland (official ASX disclosure via wire: maiden MRE 45 Mt, >27% HREE, EUR+CMC combined 49.5%). NAME-DISAMBIG: Tanbreez (Kringlerne, eudialyte, uranium-free) != Kuannersuit/Kvanefjeld (Energy Transition Minerals, uranium-bearing, blocked by Greenland 2021 radioactive-minerals ban) != Sarfartoq (Greenland Mines, ARC-FAC-330) != Malmbjerg (Greenland Resources, ARC-FAC-331); Critical Metals Corp (Nasdaq: CRML, NY) != Critical Metals SA (Luxembourg battery-recycling, ASX:CRN) — different companies; 2026 field-programme + US$30M development-programme details: https://simplywall.st/stocks/us/materials/nasdaq-crml/critical-metals (independent aggregator summarizing company Aug-2026 disclosure) + https://www.globenewswire.com (CRML CMC presentation 19-Aug-2026, already cited); related rows: ARC-PROG-625 (EXIM LOI), ARC-PROG-657 (Govt of Greenland licence-transfer approvals). EUROPEAN LITHIUM SCHEME UPDATE (28-Aug-2026): CRML proposed full acquisition of European Lithium Ltd (ASX:EUR) — Scheme Booklet lodged with ASIC, first court hearing Supreme Court of Western Australia 09:15 AWST Tue 15-Sep-2026 (EUR to seek orders convening shareholder + optionholder Scheme Meetings); if completed, CRML Tanbreez stake rises 92.5% -> 100%; EUR retains 7.5% pending implementation; transaction targeted completion later in 2026, no firm date. WATCH: 15-Sep-2026 court hearing + Scheme Meetings. Sources: https://www.criticalmetalscorp.com/critical-metals-corp-provides-update-on-proposed-acquisition-of-european-lithium-3 (OFFICIAL-COMPANY 28-Aug-2026 PR) + https://www.globenewswire.com/news-release/2026-08-19/3347635/0/en/critical-metals-corp-provides-update-on-proposed-acquisition-of-european-lithium.html (official wire) + https://www.stocktitan.net/sec-filings/CRTMF (SEC-filings corroboration: EUR 7.5% retained, LOI->scheme progression). Pin approximate for Kringlerne/Tanbreez fjord area + https://www.globenewswire.com/news-release/2026-05-21/3299167/0/en/realloys-signs-definitive-long-term-rare-earth-offtake-agreement-with-critical-metals-corp-for-15-of-tanbreez-phase-1-production.html (OFFICIAL-REalloys 21-May-2026: definitive agreement executed 20-May-2026 replaces non-binding LOI, 15% monthly Phase 1 +/-5% variance) + https://www.criticalmetalscorp.com/crml-executes-a-15-year-binding-definitive-off-take-agreement-for-tanbreez-with-realloys-inc-which-supports-us-defense-national-security-industrial-base-supply-chains (OFFICIAL-CRML: 15-yr binding, extendable 2x5-yr, 92.5% ownership + Greenland govt backing) + SEC Form 10-Q ALOY exhibit 10.8 (8-K filed 22-May-2026) - conf 93. | SCHEDULE CONFIRMATION 05-Sep-2026: CEO Tony Sage told Bloomberg Tanbreez remains on schedule with first production still targeted 2029 (CRML shares jumped ~22.6% on the Sunday remark, read as resilience signal despite Arctic geological/logistical difficulty); the 15-Sep-2026 Supreme Court of WA first hearing kicks off the formal shareholder-approval phase of the European Lithium acquisition; CRML reported 2H-2026 results 02-Sep-2026. Sources: https://www.ad-hoc-news.de/boerse/news/unternehmensnachrichten/european-lithium-s-greenland-signal-and-court-date-converge-as-merger/70033052 (independent, citing Bloomberg interview) + https://seekingalpha.com/article/4943078-critical-metals-tanbreez-is-a-strategic-bottleneck-not-a-rare-earth-price-bet (independent 04-Sep-2026 analysis: licence scale, Atlantic shipping access, dilution/metallurgical risks) — 2 independent, conf 88 for this increment",94,2026-09-05
ARC-FAC-394,"Anglo American — Sakatti Cu-Ni-PGE-Au-Co Mining Project, Sodankylä, Finnish Lapland (EU CRMA Strategic Project; ~100 kt/yr CuEq from early 2030s)",Finland,"Sodankylä (~15 km north of town), Western Lapland — 150 km north of the Arctic Circle",67.5500,26.7500,Industrial critical-minerals mining project — permitting / pre-feasibility stage,"One of Europe's richest magmatic copper-nickel-platinum-group-element deposits (also gold and cobalt), discovered 2009, explored to >1 km depth; estimated mineral reserves 44.4 Mt; design output ~100,000 t/yr copper-equivalent metal from the early 2030s; mineral resources support >20 years of mining; FutureSmart highly-automated low-carbon underground mine with electric fleet, zero-waste design ambition and high water recycling, no visible surface footprint over the orebody; orebody lies 250-1,200 m beneath the western corner of the Viiankiaapa mire (Natura 2000 / protected mire) — deposit footprint ~3% of the protected area, minerals processing area located outside it; ~350-400 direct jobs planned, already one of the largest private employers in Sodankylä; ~EUR 1B-scale investment per company materials; EU Critical Raw Materials Act Strategic Project designation (25-Mar-2025) grants permitting prioritisation, capped permit timelines and automatic fulfilment of certain Natura 2000 / Water Framework Directive derogation criteria; AFRY-led pre-feasibility study contracted (announced Sep-2025, due completion end-2026); cooperation founding document with Sodankylä Municipality signed 22-Jan-2026; MoU with state-owned Finnish Minerals Group on battery-materials mining in Finland (2026). Arctic relevance: flagship EU-critical raw-materials supply project in Finnish Lapland, complementing Sokli (ARC-FAC-304) and the national mineral strategy; feeds Kiruna-Narvik/Fenno-Scandian Arctic industrial corridor agenda in the 2026 EU Arctic policy study.","N/A (private industrial project executed by Anglo American via wholly-owned Finnish subsidiary AA Sakatti Mining Oy, Tuohiaavantie 2, Sodankylä); mining permit application submitted to Finnish Mining Authority Tukes under the Mining Act; environmental/EIA and Natura assessments completed; regional supplier, contracting and employment opportunities for Lapland businesses via the municipal cooperation group (from early 2026)","Anglo American plc (FTSE-100, London/Johannesburg listed) via AA Sakatti Mining Oy",PERMITTING / PRE-FEASIBILITY (mining permit application with Tukes; EIA + Natura assessment complete; AFRY pre-feasibility study due end-2026; production target early 2030s; WATCH: Finnish Government decision autumn 2026 on whether mining may proceed given Viiankiaapa Natura 2000 status (per Fern reporting; environmental/Sámi court appeals threatened); WATCH: feasibility-phase investment decision after PFS),https://finland.angloamerican.com/en,"finland.angloamerican.com press releases (OFFICIAL-COMPANY: 'Anglo American celebrates its 20th anniversary in Finland' — Tukes permit application submitted, reserves 44.4 Mt, ~350 jobs, orebody 250-1,200 m under Viiankiaapa corner ~3% of protected area, early-2030s start; 'Anglo American has signed a prefeasibility study contract with AFRY' — EU CRMA strategic project status, EIA/Natura complete; 'Founding document on cooperation between the Municipality of Sodankylä and the Sakatti Project signed' 22-Jan-2026) + European Commission CRMA Strategic Project designation 25-Mar-2025 corroborated by im-mining.com, miningweekly.com and voxmarkets.com (INDEPENDENT x3) + borenius.com reference page (institutional legal adviser: fully owned, Cu-Ni-PGE-Au-Co composition) + nsenergybusiness.com (AFRY PFS completion due end-2026) + fern.org 'Mining in the Arctic' feature (INDEPENDENT NGO: autumn-2026 Finnish Government decision framing, Viiankiaapa Natura context) + bestmag.co.uk (FMU/Anglo battery-materials MoU). NAME-DISAMBIG: Sakatti (Sodankylä, Anglo American, magmatic Cu-Ni-PGE) ≠ ARC-FAC-304/ARC-PROG-073/ARC-PROG-616 Sokli (Savukoski, Finnish Minerals Group, carbonatite phosphate-REE-iron) — different deposit, company and municipality; also ≠ Sakatti exploration licence areas elsewhere in Lapland. FIGURE-DISAMBIG: older company PDF says deposit '25 km north of Sodankylä', current 2025-2026 official releases say 15 km — 15 km used per latest official; pin approximate to deposit outcrop area.",90,2026-09-04
ARC-FAC-395,"IðunnH2 Helguvík e-SAF Plant — 300 MW green-hydrogen power-to-liquid sustainable aviation fuel facility (~65,000-70,000 t/yr e-SAF; 5 km from Keflavík International Airport; first fuel planned 2029)",Iceland,"Helguvík, Reykjanesbær (Reykjanes peninsula; coords approx.)",64.0000,-22.4200,Industrial energy facility (Power-to-Liquid e-SAF / green hydrogen),"Up to 65,000 t/yr carbon-neutral e-SAF (company site states 70,000 t/yr design for synthetic jet fuel); 300 MW electrolyser capacity on Iceland 100% renewable power (wind, hydro, geothermal); biogenic CO2 via Haffner Energy gasification technology with biochar by-product; enables Keflavík airlines to exceed EU ReFuelEU 6% SAF blending mandate in 2030; offtake pipeline: Icelandair MoU up to 45,000 t/yr, Luxaviation 15-year framework up to 10,000 t/yr RFNBO-compliant eSAF from 2029; book-and-claim distribution within the EEA; positions Iceland as European SAF supplier",Aviation offtakers (scheduled + business aviation); EU RED II / ReFuelEU RFNBO buyers,IðunnH2 ehf. (CEO Nanna Baldvinsdóttir) with Haffner Energy (technology partner),In development — Haffner technology selection announced 02-Sep-2024; Icelandair MoU Mar-2023; Luxaviation MoU (up to 10 kt/yr from 2029); first fuel planned 2029; long-term PPAs cited by company as key remaining challenge,https://idunnh2.com/iceland-esaf-project,"idunnh2.com (OFFICIAL — Iceland eSAF project page: 300 MW, 70 kt/yr, 5 km from Keflavík, first fuel 2029); haffner-energy.com (OFFICIAL — Sep-2024 agreement, 300 MW e-SAF, 65 kt/yr); icelandairgroup.com newsroom (OFFICIAL — Icelandair MoU up to 45 kt/yr); luxaviation.com (OFFICIAL — Luxaviation-IdunnH2 15-yr eSAF agreement, 10 kt/yr RFNBO from 2029); gasworld.com; renewablesnow.com; gh2.org (Green Hydrogen Organisation country profile); arctictoday.com. NAME DISAMBIGUATION: IðunnH2 Helguvík e-SAF distinct from Norsk e-Fuel Tornio e-SAF (ARC-FAC-002) and Nordic Electrofuel (Norway); Helguvík site adjacent to but separate from NATO fuel depot expansion (ARC-PORT-111) and Greenland Mines Helguvik Industrial Complex (ARC-FAC-355) — three different entities at same harbour",90,2026-09-04
ARC-FAC-396,"Red Dog Mine Life Extension Project (FAST-41 covered — underground long-hole stoping at Aktigiruq & Anarraaq deposits, ~14-year operation extension; Teck American / NANA, Northwest Arctic Alaska)",USA,"Red Dog Mine, Northwest Arctic Borough (~170 km north of the Arctic Circle; concentrate routed by haul road/rail to the NANA marine terminal near Kotzebue)",68.0331,-163.9586,Industrial facility (world-class zinc-lead mine life extension; FAST-41 covered critical-minerals project),"Permitting Council granted FAST-41 coverage 01-Sep-2026 (Executive Director Emily Domenech; USACE lead federal permitting agency; tracked on the Federal Permitting Dashboard with a coordinated permitting timetable). Develops the Aktigiruq and Anarraaq ore deposits via underground long-hole stoping feeding the existing Red Dog mill; extends operations ~14 years beyond the current ~2031 closure (Aqqaluk pit depletion). Critical minerals: zinc, lead, silver, germanium. Company resource disclosure (via SMM 03-Sep-2026): Aktigiruq Indicated 42.2 Mt @ 15.8% Zn + Inferred 18.8 Mt @ 11.8% Zn; Anarraaq Inferred 17.0 Mt @ 14.0% Zn. Red Dog = one of the world's largest zinc mines and the largest US critical-minerals producer (~1.3 M wet metric t/yr concentrate; ~100-day ice-limited shipping season via the Kotzebue-area marine terminal — a linchpin of Northwest Alaska Arctic maritime trade lanes). Backing: Gov Dunleavy, Sens. Murkowski & Sullivan, Rep. Begich. FAST-41 coverage is a permitting-coordination milestone, NOT final approval.",Private industrial project — Teck American Incorporated (sponsor) on NANA-owned land; federal/state permits under FAST-41 timetable; subsistence and water-quality consultation with Northwest Arctic Borough villages (Kivalina/Wulik River concerns documented in Senate Resources briefing 25-Feb-2026),"Teck American Inc (Teck Resources subsidiary, operator) + NANA Regional Corporation (landowner; Red Dog operating agreement since 1982); U.S. Army Corps of Engineers = lead federal agency",ACTIVE — FAST-41 covered since 01-Sep-2026 (permitting stage; extension targeted to succeed current operations ~2031),https://www.permitting.gov/newsroom/press-releases/red-dog-mine-life-extension-project-gains-fast-41-coverage,"permitting.gov OFFICIAL press release 01-Sep-2026 (FAST-41 coverage, ~14-yr extension, USACE lead, Teck American sponsor, NANA land, zinc/lead/silver/germanium, long-hole stoping; Domenech/Dunleavy/Murkowski/Sullivan/Begich/Gill quotes) | permits.performance.gov Federal Permitting Dashboard project page (fast-41-covered-projects/red-dog-mine-life-extension-project) | miningnewsnorth.com 04-Sep-2026 (independent) | news.metal.com SMM 03-Sep-2026 (independent: Aktigiruq Indicated 42.2 Mt @ 15.8% Zn / Inferred 18.8 Mt @ 11.8% Zn, Anarraaq Inferred 17.0 Mt @ 14.0% Zn; coverage-not-approval clarification) | northof60mining.com 02-Sep-2026 (independent, Shane Lasley) | x.com/PermitCouncil 01-Sep-2026 (official agency post). NAME DISAMBIGUATION: Red Dog Mine (68.03N -163.96W, Teck/NANA zinc-lead) is distinct from Kotzebue city row ARC-CITY-033 and Cape Blossom port rows ARC-PORT-074/ARC-PORT-123 (the Red Dog marine terminal sits near Kotzebue but is a separate facility); unrelated to any 'Red Dog' logistics/retail brand",95,2026-09-04
ARC-FAC-397,"Synergy of the Arctic (Синергия Арктики) — state-approved Arctic Yakutia fiber-optic backbone (FOCL/ВОЛС >7,000 km, 61 settlements, ~70k residents, 100+ Mbit/s; JSC ArcticTelecom)",Russia,"Chersky (anchor node; project spans Arctic улусы of Sakha (Yakutia): Chersky, Saskylakh, Deputatsky, Zyryanka, Chokurdakh and 61 settlements total)",68.7519,161.2989,"Digital infrastructure facility (magistral fiber-optic communications line; sovereign Arctic connectivity — e-government, telemedicine, online education, data-center enablement)","Government-approved project (Russian Government approval per Sakha Republic Arctic government delegate); RUB ~12B estimated cost; >7,000 km backbone FOCL; modern link to 61 settlements (~70,000 people) at 100+ Mbit/s; rollout underway — Chersky connected Oct-2025, 17 modular comms nodes in preparation Sep-2026; completion target 2028",State-backed telecom build-out serving Arctic-zone residents and businesses; residents of 61 Arctic Yakutia settlements as beneficiaries; operator JSC ArcticTelecom (regional telecom company),"JSC ArcticTelecom (АО «АрктикТелеком»), Yakutia regional operator",ACTIVE — approved & in rollout (Chersky first node Oct-2025; 17 modular nodes in preparation as of 04-Sep-2026; full 61 settlements by 2028),https://arktika.sakha.gov.ru/news/7533,"arktika.sakha.gov.ru OFFICIAL (Sakha Republic Arctic governance delegate: 'Правительство РФ утвердило проект «Синергия Арктики»') + tass.ru/ekonomika/25760081 (launch, 61 settlements, ~70k pop, to 2028) + a-telecom.ru/projects/sinergiya-arktiki (operator official project page) + arctic-russia.ru (RUB 12B cost) + yakutia.mk.ru 04-Sep-2026 (17 modular nodes) + ysia.ru (Chersky Oct-2025). DISAMBIGUATION: distinct from 'Синергия' business-forum brand and unrelated 'Synergy' projects — this is the ArcticTelecom FOCL backbone",90,2026-09-04
ARC-FAC-398,"Nscale Narvik AI Data Center Campus (Kvandal, Evenes) — 230 MW hyperscale AI campus, Microsoft anchor offtake; +75 MW expansion (2 buildings) contracted Sep-2026",Norway,"Kvandal, Evenes municipality (Narvik region), Nordland",68.4500,16.5800,"Hyperscale AI data center campus (digital infrastructure; hydropower-powered, closed-loop liquid cooling, waste-heat district-heating provision)","230 MW campus (one of Norway's largest onshore infrastructure projects) with potential +290 MW expansion to ~520 MW; anchor customer Microsoft: $6.2bn 5-yr compute deal (Nscale x Aker, Sep-17-2025) expanded Apr-14-2026 with 30,000+ NVIDIA Rubin GPUs for 2027 deployment; target 100,000 Nvidia GPUs by end-2026; Sep-01-2026 Oslo Boers release: HENT (Sentia ASA subsidiary) signed contract with Nscale for two additional buildings, combined 75 MW (HENT total: 3 buildings, 100 MW CSA scope); originally announced Jul-2025 under OpenAI 'Stargate Norway' framework (50/50 Nscale-Aker JV) — 2026 reporting indicates anchor offtake reorganized around Microsoft and project now solely managed by Nscale following Aker Nscale JV roll-up; local hydropower + cold-climate efficiency + strong grid connectivity (Statnett); Arctic digital-infrastructure node in Narvik hub (E6/E10/Ofotbanen, TEN-T Core)",Hyperscale AI compute tenants: Microsoft (sovereign EU/Nordic AI capacity); surplus capacity offered to UK/Nordics/Northern Europe public+private users; Nvidia GPU supply chain,Nscale Ltd (London; Aker ASA-linked; sole manager post JV roll-up),"UNDER CONSTRUCTION (groundbreaking 2026 at Kvandal with Minister of Digitalization Karianne Tung, Microsoft Norway, Nvidia, UiT present; expansion contract signed 01-Sep-2026; 2027 Microsoft Rubin deployment)",https://press.nscaledirect.com/nscale-microsoft-norway,"nscale.com press release 14-Apr-2026 OFFICIAL-CORPORATE (230 MW Narvik campus, +30,000 NVIDIA Rubin GPUs for Microsoft 2027, sole Nscale management post Aker JV roll-up) + newsweb.oslobors.no/message/681429 REGULATED-DISCLOSURE 02-Sep-2026 (Sentia/HENT contract: +2 buildings 75 MW, total 3 buildings 100 MW) + datacenterdynamics.com (Stargate Norway 100k GPUs by end-2026, Kvandal site, 230MW+290MW expansion, JV 50/50, ~USD 1bn initial 20MW phase) + datacentermap.com (Kvandal listing, planned) + windowsforum.com analysis (Stargate->Microsoft reorg narrative). NAME DISAMBIGUATION: DISTINCT from Aker Nscale Innovation Centre Narvik research centre (NOK 100M/10yr AI research w/ UiT, logged in ARC-FAC-308 Evenes Industrial Seaport row) and from Nscale Glomfjord DC (southern Norway) and Kajaani Raksila campus (ARC-FAC-380, Finland); Kvandal is in Evenes municipality near Narvik, site coordinates approximate (exact location not public)",90,2026-09-05
ARC-FAC-399,"Skyborn Polargrund Offshore Wind Farm (Kalix, Norrbotten) — 3 GW Sweden's northernmost offshore wind, permit application filed Jun-2024",Sweden,"Kalix / Haparanda, Bothnian Sea — ~35 km offshore south of Kalix, just south of Malören island (partly Kalix territorial waters, partly Sweden EEZ)",65.4115,23.2251,Offshore wind power plant (green energy infrastructure underpinning the Norrbotten Arctic industrial corridor),"3,000 MW (70-120 turbines); up to 9-10 TWh fossil-free electricity or 200,000 t green hydrogen per year = >7% of Sweden's current electricity consumption; key supply for projected up to 800% power-demand growth in Norrbotten (mining + green-industry transition: HYBRIT-steel/Lulea-Kalix port-iron-ore corridor); part of Skyborn's Swedish portfolio of four offshore farms totaling ~40 TWh potential; GlobalData: construction start expected 2026, commercial operation 2030",Permit process: application to Swedish Government + Land and Environment Court under the Environmental Code and EEZ Act (submitted 3 Jun 2024); industrial offtake via corporate PPAs for Norrbotten consumers,"Skyborn Renewables Sweden AB (subsidiary of Skyborn Renewables GmbH, Global Infrastructure Partners portfolio company)","Pre-construction — permit application under preparation/review at Swedish Government (filed 3 Jun 2024); construction expected 2026, COD 2030 (GlobalData estimate); no permit decision found as of 5 Sep 2026",https://www.skybornrenewables.com/articles/newsroom/polargrund_permit_application,"skybornrenewables.com OFFICIAL-CORP PR (permit application, 3 GW, 9-10 TWh / 200k t H2, Kalix EEZ) + renews.biz 93605 03-Jun-2024 + offshorewind.biz 03-Jun-2024 (70-120 turbines) + northswedenbusiness.com Jun-2024 (location south of Maloren, territorial waters + EEZ) + globalconstructionreview.com + nsenergybusiness.com + gem.wiki/Polargrund_Offshore_wind_farm (tracker: pre-construction, 3000 MW, coords 65.4115/23.2251 approximate) + power-technology.com GlobalData profile (construction 2026, COD 2030) + ippjournal.com; NAME-DISAMBIG: Polargrund (Kalix) != Skyborn Storgrundet 1.02 GW Bothnian Sea (env. permit Sep-2023) != Aurora 5.5 GW Gotland (OX2/Ingka, different project) != Skyborn Fyrskeppet/Eystrasalt (S Baltic); 2026 Skyborn news (Nordergrunde full ownership 06-Jul-2026, Gennaker SWM partnership 24-Jun-2026) = German portfolio, NOT Polargrund; site coords approximate (GEM), exact array position pending permit review",88,2026-09-05
ARC-FAC-400,Emerald Nuclear GEM 5 MW TRISO Microreactor — Nome floating power-plant feasibility study + nuclear cargo-ship concept (NuProShip II),USA,"Nome, Alaska",64.5040,-165.4120,Floating nuclear power plant / maritime microreactor energy infrastructure (dual-use: Arctic port power + nuclear commercial shipping),"5 MW GEM helium gas-cooled TRISO microreactor sized to Nome (NJUS averaged ~3.7 MW system load 2025 = full town coverage); lease model shifts regulatory burden off operator — spent-fuel module returns to company facility, no permanent storage in community; swappable modular reactors; floating-plant concept for remote coastal communities with highest US energy costs (imported diesel); nuclear cargo ship could operate years without refueling = endurance enabler for Northwest Passage/NSR routes; Nome feasibility study using NJUS rate/load data due fall 2026; first shipboard-ready ~5 MW TRISO system targeted by 2029 (Emerald CCO Juliebo, Nor-Shipping); efficiency comparable to diesel (~40% conversion, thermal discharge not above diesel baseline per CEO Deason)",N/A (private development; municipal utility partner = Nome Joint Utility System; contacted NJUS spring 2026),Emerald Nuclear Inc (Seattle HQ; Emerald Nuclear Norway subsidiary bridging marine industry) with NJUS study; VARD (Fincantieri) vessel concept design,Pre-conceptual design phase; NuProShip II concept study completed; Nome feasibility study pending fall-2026 publication,https://emeraldnuclear.com,"knom.org 2026-09-02 (Ben Townsend, local news: Nome floating plant angle, NJUS data, Deason interview, VARD NuProShip II rendering); emeraldnuclear.com 'VARD completes study' (primary: helium gas-cooled reactor integration study finalized); vard.com press release NuProShip II (INSTITUTIONAL: Vard Design + DNV + Emerald Nuclear + Vard Electro + Island Offshore + NTNU project leader, funded by Research Council of Norway); marinelink.com + safety4sea.com (independent maritime: DP2 nuclear architectures feasible, zero-GHG, extended endurance); new.abb.com Nor-Shipping session (Emerald Nuclear Norway, 2029 shipboard target). NAME-DISAMBIG: Emerald Nuclear Inc (Seattle) vs Emerald Nuclear Norway subsidiary; NuProShip II distinct from earlier NuProShip I and from ARC-PROG-542 US MARAD CORE POWER MOC (separate US federal framework)",88,2026-09-08
