port_id,port_name,city_id,country,latitude,longitude,unlocode,max_depth_m,berth_count,cargo_handling_capacity_tonnes,ice_class_support,storage_area_sq_m,fuel_services,port_fees_usd,annual_vessel_calls,operator,ownership_type,sources,confidence,last_verified
ARC-PORT-001,Murmansk Commercial Sea Port,ARC-CITY-001,Russia,68.9841,33.0610,RUMMK,14.5,45,19000000,Arc4-Arc7,850000,Yes,25000-80000,2200,Murmansk Commercial Sea Port JSC,Private (SUEK/EuroChem),,,
ARC-PORT-002,Arkhangelsk Sea Port,ARC-CITY-002,Russia,64.5393,40.5185,RUARH,12.0,28,8500000,Arc3-Arc5,320000,Yes,15000-45000,850,Arkhangelsk Sea Port JSC,State,,,
ARC-PORT-003,Dudinka Sea Port,ARC-CITY-004,Russia,69.4091,86.1775,RUDUD,13.5,18,12000000,Arc5-Arc7,450000,Yes,35000-75000,420,Norilsk Nickel,Private,,,
ARC-PORT-004,Sabetta LNG Terminal,ARC-CITY-005,Russia,71.2560,72.0520,RUSBT,15.5,4,30000000,Arc7,120000,Yes,150000-300000,280,Yamal LNG/Novatek,Private,,,
ARC-PORT-005,Pevek Commercial Port,ARC-CITY-006,Russia,69.7008,170.2700,RUPEV,9.0,8,2500000,Arc4-Arc6,65000,Yes,18000-42000,120,Chukotka Sea Port,State,,,
ARC-PORT-006,Tiksi Sea Port,ARC-CITY-007,Russia,71.6400,128.8600,RUTIK,8.5,6,1200000,Arc3-Arc5,28000,Yes,12000-28000,85,Tiksi Sea Port,State,,,
ARC-PORT-007,Dikson Sea Port,ARC-CITY-008,Russia,73.5070,80.5460,RUDIK,7.5,4,800000,Arc3-Arc4,15000,Yes,10000-22000,45,Dikson Sea Port,State,,,
ARC-PORT-008,Khatanga River Port,ARC-CITY-009,Russia,71.9800,102.4700,RUKHA,6.5,5,600000,Arc3-Arc4,12000,Yes,8000-18000,32,Khatanga Port Authority,State,,,
ARC-PORT-009,Nuuk Port,ARC-CITY-010,Greenland,64.1814,-51.6941,GLGOH,12.0,15,3500000,None,180000,Yes,20000-55000,380,Royal Arctic Line,State-owned,,,
ARC-PORT-010,Sisimiut Port,ARC-CITY-011,Greenland,66.9400725,-53.6749927,GLJNS,10.0,8,1200000,None,65000,Yes,12000-32000,145,Royal Arctic Line,State-owned,,,2026-09-08
ARC-PORT-011,Ilulissat Port,ARC-CITY-012,Greenland,69.2198,-51.0986,GLJAV,9.5,6,800000,None,45000,Yes,10000-28000,95,Royal Arctic Line,State-owned,,,
ARC-PORT-012,Reykjavik Port,ARC-CITY-013,Iceland,64.1564348,-21.8666787,ISREY,13.0,22,6500000,None,280000,Yes,25000-70000,1250,Reykjavik Port Authority,State-owned,OSM amenity=ferry_terminal Skarfabakki Sundahöfn (main Reykjavík cargo/harbour zone); densify off downtown centroid 2026-09-08 GIS loop,,2026-09-08
ARC-PORT-013,Akureyri Port,ARC-CITY-014,Iceland,65.6851709,-18.0790671,ISAKU,10.5,12,2100000,None,85000,Yes,15000-38000,420,Akureyri Port Authority,State-owned,,,2026-09-08
ARC-PORT-014,Tromso Port,ARC-CITY-015,Norway,69.6507379,18.9649587,NOTOS,11.0,18,4200000,Arc3-Arc4,165000,Yes,22000-58000,850,Troms Havn,State-owned,OSM landuse=harbour Tromsø indre havn; densify off city centroid 2026-09-08 GIS loop,,2026-09-08
ARC-PORT-015,Kirkenes Port,ARC-CITY-016,Norway,69.7278875,30.0717814,NOKKN,10.5,8,2800000,Arc4-Arc5,95000,Yes,18000-45000,320,Kirkenes Havn KF (municipal enterprise; dissolving into Sor-Varanger kommune administration from 2027-01-01),State-owned,OSM amenity=bus_station Kirkenes kai Kaiveien harbour; densify off city centroid 2026-09-08 GIS loop,,2026-09-08
ARC-PORT-016,Hammerfest LNG Terminal,ARC-CITY-017,Norway,70.6869236,23.5981352,NOHFT,14.0,3,18000000,Arc4-Arc5,85000,Yes,45000-95000,185,Equinor,Private,OSM place=island Melkøya (Equinor Hammerfest LNG); densify off Hammerfest town centroid 2026-09-08 GIS loop,,2026-09-08
ARC-PORT-017,Longyearbyen Port,ARC-CITY-018,Svalbard,78.2292987,15.601367,NOLYR,9.0,4,650000,Arc3,22000,Yes,15000-35000,65,Longyearbyen Harbor,Municipal,OSM man_made=pier Longyearbyen Main Pier Bykaia; densify off town centroid 2026-09-08 GIS loop,,2026-09-08
ARC-PORT-018,Bodo Port,ARC-CITY-019,Norway,67.285142,14.3805101,NOBOO,12.5,14,3800000,None,120000,Yes,20000-52000,680,Bodo Havn,State-owned,OSM landuse=commercial Nertorget havn Bodø; densify off city centroid 2026-09-08 GIS loop,,2026-09-08
ARC-PORT-019,Narvik Port,ARC-CITY-020,Norway,68.4294644,17.4239955,NONVK,18.5,16,25000000,Arc4-Arc5,280000,Yes,28000-72000,1450,Narvik Havn,State-owned,OSM historic memorial Narvik Havn / harbour waterfront; densify off city centroid 2026-09-08 GIS loop,,2026-09-08
ARC-PORT-020,Churchill Port,ARC-CITY-021,Canada,58.7759414,-94.1944813,CACHV,9.5,6,8500000,Arc4,145000,Yes,25000-65000,165,Arctic Gateway Group,Private/Public Partnership,,,2026-09-08
ARC-PORT-021,Iqaluit Deep Sea Port,ARC-CITY-022,Canada,63.7467,-68.5170,CAIQL,7.5,4,450000,Arc3,28000,Yes,18000-42000,55,Nunavut Sealink and Supply,State,,,
ARC-PORT-022,Tuktoyaktuk Port,ARC-CITY-033,Canada,69.4457,-133.0360,CATUK,6.5,3,280000,Arc3-Arc4,18000,Yes,12000-28000,32,Inuvialuit Regional Corporation,Indigenous,,,
ARC-PORT-023,Valdez Marine Terminal,ARC-CITY-032,USA,61.0831733,-146.3817280,USVAD,20.0,4,75000000,None,850000,Yes,55000-125000,680,Alyeska Pipeline Service Company,Private,,,2026-09-08
ARC-PORT-024,Prudhoe Bay Oil Terminal,ARC-CITY-029,USA,70.2554,-148.3816,USUUD,14.0,2,45000000,Arc4-Arc5,450000,Yes,35000-80000,245,BP/ConocoPhillips/ExxonMobil,Private,,,
ARC-PORT-025,Port of Anchorage,ARC-CITY-030,USA,61.2387,-149.9076,USANC,13.5,5,6500000,Arc3,185000,Yes,28000-72000,420,Port of Anchorage,Municipal,,,
ARC-PORT-026,Nome Harbor,ARC-CITY-034,USA,64.5011,-165.4064,USOME,7.5,3,320000,Arc3,15000,Yes,10000-25000,85,Nome Port Commission,Municipal,,,
ARC-PORT-027,Kemi Port,ARC-CITY-036,Finland,65.6747392,24.5852607,FIKEM,10.5,8,4800000,Arc4,110000,Yes,18000-42000,385,Kemi Port Authority,State-owned,,,2026-09-08
ARC-PORT-028,Oulu Port,ARC-CITY-037,Finland,64.9959866,25.4052871,FIOUL,11.5,12,6200000,Arc4-Arc5,165000,Yes,22000-55000,520,Oulu Port Authority,State-owned,OSM landuse=industrial Oulun satama Nuottasaari; densify off city centroid 2026-09-08 GIS loop,,2026-09-08
ARC-PORT-029,Lulea Port,ARC-CITY-038,Sweden,65.5806088,22.1534831,SELLA,14.0,16,18000000,Arc4,280000,Yes,28000-68000,1420,Lulea Hamn,State-owned,OSM place=suburb Södra hamn Luleå; densify off city centroid 2026-09-08 GIS loop,,2026-09-08
ARC-PORT-030,Kaliningrad Sea Port,ARC-CITY-040,Russia,54.7104,20.4522,RUKGD,13.5,42,22000000,None,650000,Yes,22000-60000,1850,Kaliningrad Sea Port,State,,,
ARC-PORT-031,Lavna Coal Terminal,ARC-CITY-001,Russia,69.1500,33.4500,RULAV,16.0,4,25000000,Arc4-Arc5,320000,Yes,30000-75000,480,Rostec/NTK,State,,,
ARC-PORT-032,Vardo Harbor,ARC-CITY-084,Norway,70.3705,31.1107,NOVAO,9.0,6,1200000,Arc3-Arc4,48000,Yes,12000-32000,165,Vardo Harbor Authority,Municipal,,,
ARC-PORT-033,Salekhard River Port,ARC-CITY-046,Russia,66.5308,66.6019,RUSLY,5.5,4,850000,Arc3,18000,Yes,8000-18000,55,Rosmorport,State,,,
ARC-PORT-034,Obskaya LNG Terminal,ARC-CITY-047,Russia,66.0833,76.6333,RUOBS,14.0,2,15000000,Arc7,65000,Yes,120000-250000,145,Novatek,Private,,,
ARC-PORT-035,Kola Bay Fuel Terminal,ARC-CITY-001,Russia,69.0000,33.2500,RUKOT,15.0,3,8000000,Arc4-Arc5,95000,Yes,35000-75000,280,Rosmorport,State,,,
ARC-PORT-036,Tiksi East Port,ARC-CITY-007,Russia,71.6800,128.9500,RUTIE,7.0,3,450000,Arc3-Arc4,12000,Yes,10000-25000,35,Rosatom,State,,,
ARC-PORT-038,Cambridge Bay Port,ARC-CITY-026,Canada,69.1169,-105.0594,CACMB,7.0,3,320000,Arc3-Arc4,22000,Yes,12000-28000,65,Cambridge Bay Hamlet,Municipal,,,
ARC-PORT-039,Rankin Inlet Port,ARC-CITY-022,Canada,62.8094,-92.0853,CARAN,7.5,4,450000,Arc3-Arc4,28000,Yes,15000-35000,72,Kivalliq Inuit Association,Indigenous,,,
ARC-PORT-040,Honningsvag Port,ARC-CITY-043,Norway,70.9821,25.9704,NOHVG,9.5,5,850000,Arc3,32000,Yes,10000-28000,245,Honningsvag Harbor,Municipal,,,
ARC-PORT-041,Mys Shmidta Port,ARC-CITY-006,Russia,68.8700,-179.4000,RUMSH,8.5,4,1200000,Arc4-Arc5,45000,Yes,15000-38000,48,Chukotka Mining,Private,,,
ARC-PORT-042,Egvekinot Port,ARC-CITY-006,Russia,66.3167,-179.1167,RUEGV,7.5,3,650000,Arc3-Arc4,28000,Yes,10000-28000,32,Chukotka Sea Port,State,,,
ARC-PORT-043,Provideniya Bay Port,ARC-CITY-006,Russia,64.3833,-173.3000,RUPRO,9.0,5,950000,Arc4-Arc5,38000,Yes,12000-32000,68,Provideniya Port,State,,,
ARC-PORT-044,Anadyr Port,ARC-CITY-006,Russia,64.7333,177.5000,RUQAD,8.5,6,1400000,Arc4,52000,Yes,15000-38000,95,Anadyr Sea Port,State,,,
ARC-PORT-045,Ambarchik Port,ARC-CITY-007,Russia,69.6500,162.3500,RUAMB,6.5,2,280000,Arc3,12000,Yes,8000-18000,15,Ambarchik Port,State,,,
ARC-PORT-046,Zhelaniye Port,ARC-CITY-008,Russia,76.9500,68.5500,RUZHE,7.0,3,420000,Arc3-Arc4,18000,Yes,9000-20000,25,Rosmorport,State,,,
ARC-PORT-047,Nordvik Port (historic),ARC-CITY-046,Russia,74.5000,111.5000,RUNVK,NULL,NULL,NULL,NULL,NULL,NULL,NULL,NULL,NULL,NULL,,,
ARC-PORT-048,Wrangel Island Port,ARC-CITY-006,Russia,71.0167,-178.5000,RUWRA,5.5,1,85000,Arc3,5500,Yes,5000-12000,8,Wrangel Island Reserve,State,,,
ARC-PORT-049,Franz Josef Land Ports,ARC-CITY-001,Russia,80.0000,55.0000,RUFJL,6.5,2,150000,Arc3-Arc4,12000,Yes,6000-15000,18,Russian Navy/Research,State,,,
ARC-PORT-050,Novaya Zemlya Ports,ARC-CITY-001,Russia,73.5000,55.0000,RUNZL,7.0,3,280000,Arc3-Arc4,22000,Yes,10000-25000,35,Russian Navy/Research,State,,,
ARC-PORT-051,Nome Snake River Moorage Facility,ARC-CITY-034,USA,64.4980,-165.4200,USOME,4.0,NULL,NULL,Arc3,NULL,No,NULL,NULL,City of Nome,Municipal,dot.alaska.gov (Governor Dunleavy $13.2M DOT RAISE grant 2025 for ~1700ft new floating dock; matched by City of Nome; permitting+design in progress); digital.akbizmag.com Deepwater Arising Mar 2026 (DOT grant; Snake River Floats alignment); knom.org local press (Snake River moorage context),78,2026-09-01
ARC-PORT-052,Grays Bay Deep-Water Port (proposed),ARC-CITY-051,Canada,67.8700,-110.9200,,15.0,4,NULL,Arc4,NULL,No,NULL,NULL,West Kitikmeot Resources Corp. (Kitikmeot Inuit Association),Indigenous,"canada.constructconnect.com (2026-03: Grays Port Project advances to EA stage; West Kitikmeot Resources Corp.; Canada's first deep-water Arctic port; up to 100,000-dwt ore carriers + polar icebreakers; 230 km road to former Jericho mine; construction start ~2028); dcn.djc.com context; cib-bic.ca CIB-WKR MOU project accelerator funding up to CAD 3M (2026); ipolitics.ca 20 May 2026 (CAD 50M from federal $1.5B First and Last Mile critical minerals fund, announced Iqaluit by Minister Hodgson; NIRB process map: community sessions fall 2026, pre-hearing report early 2027, ~5-yr construction); ca.finance.yahoo.com/CNW 24 Jun 2026 WKR release (federal consultations to list GBRP under Building Canada Act Schedule 1, following 12 Mar 2026 Carney Major Projects Office referral); mining.com Jun 2026 (national-interest status review alongside Mackenzie Valley Highway; dual-use civilian/military rationale)",90,2026-08-23
ARC-PORT-053,Qaqortoq Port,ARC-CITY-052,Greenland,60.7288,-46.0278,GLJJU,7.5,2,120000,None,12000,Yes,10000-28000,90,Royal Arctic Line,State-owned,,,
ARC-PORT-054,Raahe Port,ARC-CITY-053,Finland,64.6585543,24.4178846,FIRAA,10.0,11,5750000,Arc4,60000,Yes,18000-42000,720,Port of Raahe Ltd (Raahen Satama),Municipal,,,2026-09-08
ARC-PORT-056,Utqiagvik (Barrow) Port,ARC-CITY-028,USA,71.2906,-156.7887,USBRW,4.6,2,250000,Arc4,20000,Yes,10000-25000,60,City of Utqiagvik / Ukpeagvik Inupiat Corporation,Municipal/Indigenous,,,
ARC-PORT-057,Torshavn Port,ARC-CITY-065,Faroe Islands,62.0094,-6.7717,FOTHO,14.8,12,900000,None,400000,Yes,12000-30000,800,Torshavnar havn (Port of Torshavn),Municipal,,,
ARC-PORT-058,Port MacKenzie Multimodal Port Expansion,ARC-CITY-066,USA,61.3558,-150.016,USPMV,10.7,2,600000,Arc4,445000,Yes,-17000,90,"Matanuska-Susitna Borough (USD 34M PIDP FY2026: 110-acre cargo laydown, rail spur, barge dock improvements; Knik Arm deep-water access)",Municipal,,,
ARC-PORT-059,Skagway Industrial Dock Redevelopment,ARC-CITY-058,USA,59.4583,-135.3139,USSGY,9.1,3,900000,None,40000,Yes,-20000,400,"Municipality of Skagway (USD 38.6M PIDP FY2026: modern industrial dock, RORO ramp, integrated fuel header; White Pass & Yukon Route terminus)",Municipal,,,
ARC-PORT-060,Kirkenes Hoybukta Vest New Transshipment Port (planned),ARC-CITY-016,Norway,69.73,29.95,NOKKN,14.0,8,2000000,Arc4,300000,Yes,TBD,0,"Sor-Varanger municipality (unanimous 2026 decision): new deep-water transshipment/omlastingshavn for Northern Sea Route cargo; planned container port w/ rail link to Finland (Kirkenes-Rovaniemi), public harbor, petroleum supply base, bulk port; ~3.5 km quay potential; est. NOK 8-11B; KVU preferred site since 2015-16; state financing/Kystverket security assessment underway",Municipal (planned),,,
ARC-PORT-061,Båtsfjord Port,ARC-CITY-060,Norway,70.6344,29.7182,NOBJF,NULL,NULL,NULL,NULL,Yes,NULL,NULL,Båtsfjord Havn KF (Båtsfjord Port Authority),Municipal,,,,
ARC-PORT-062,Aasiaat Port,ARC-CITY-068,Greenland,68.7067,-52.8694,GLJEG,8.0,4,300000,Arc4,120000,Yes,,60,Aasiaat Port Authority / Royal Arctic Line,Public (municipal),"qeqertalik.cowiplan.dk (110m quay, 8m depth, container area, Disko West supply base); ism-isps.com GLJEG-0001",90,2026-08-22
ARC-PORT-063,Ittoqqortoormiit Port (planned — EM2026 design),ARC-CITY-069,Greenland,70.4845,-21.9666,GLOQT,,,,,,No,,,Greenland Self-Government (Naalakkersuisut) / Anlægsudvalget,Planned (public),"inatsisartut.gl EM2025/159 (planning motion, design by EM 2026); FM2026/159 amendment (UKA2028, emergency+security role); sermersooqcruise.com (expedition-only today)",85,2026-08-22
ARC-PORT-064,Port of Tornio (Röyttä),ARC-CITY-070,Finland,65.7530,24.1570,FITOR,9.0,8,3000000,Arc4 (year-round via icebreaking),1510000,Yes,,500,Oy M. Rauanheimo Ab (for Outokumpu),Private (steel-industrial),"rauanheimo.com/en/port-of-tornio (9.0m depth, 8 berths, ~500 ships, 3M t/yr); mastersguide.fintraffic.fi Port of Röyttä handbook (120m fairway, gas dock); en.wikipedia.org/wiki/Port_of_Tornio",92,2026-08-22
ARC-PORT-065,Port of Kokkola (Deep Port + Silverstone),ARC-CITY-071,Finland,63.8472,23.1133,FIKOK,14.2,14,7000000,Arc4,400000,Yes,,700,Kokkola Satama Oy (Port of Kokkola),Public (municipal),"portofkokkola.fi Deep Port (14.2m draught, 14m fairway, Panamax/Capesize, 7M t/yr, RWTT 1500t/h) + Silverstone (437m quay, 9.5-11m, MSC hub) + AWT (Europe's largest); kokkola.fi/invest-in-kokkola (3rd largest general port FI, #1 bulk)",95,2026-08-22
ARC-PORT-066,Vör — Reykjavík Cruise Terminal (Viðeyarsund),ARC-CITY-013,Iceland,64.1680,-21.8520,ISREY,10.0,2,500000,None,30000,Yes,,300,Faxaflóahafnir sf (Ports of Faxaflói),Private (port authority company),"faxafloahafnir.is (opened May 2026, multi-purpose cruise facility, year-round ops); linkedin.com/company/faxaflóahafnir-sf (port authority, Reykjavík)",88,2026-08-22
ARC-PORT-067,Homer Harbor Float System Replacement,ARC-CITY-067,USA,59.6425,-151.5483,USHOM,7.3,3,350000,None,12000,Yes,,350,City of Homer / US DOT Maritime Administration (PIDP),Public (municipal),"gov.alaska.gov (Governor Dunleavy: $11.2M PIDP to replace aging float system at major fishing port, 7 of 37 national projects); nomenugget.net (PIDP awards context); marad.dot.gov (Port Infrastructure Development Program)",92,2026-08-22
ARC-PORT-068,Whittier Delong Dock Replacement (design),ARC-CITY-072,USA,60.7785,-148.6680,USWIT,13.7,2,500000,Arc4,15000,Yes,,120,City of Whittier / US DOT Maritime Administration (PIDP),Public (municipal),gov.alaska.gov (Governor Dunleavy: $4.1M PIDP design funding for Delong Dock replacement); ARRC (Alaska Railroad Whittier tunnel upgrades $20.4M same round) | GIS-2026-09-07 densify Delong Dock east waterfront 60.7785/-148.6680 (alaskarails Whittier waterfront order; distinct from tunnel portal),90,2026-09-07
ARC-PORT-069,Chevak Barge Landing Facility (planned),ARC-CITY-073,USA,61.5278,-165.5864,USCVK,2.0,1,50000,None,3000,No,,40,City of Chevak / US DOT Maritime Administration (PIDP),Public (municipal),gov.alaska.gov (Governor Dunleavy: $2.35M PIDP planning grant — community sole link for fuel and goods); nomenugget.net (rural Western Alaska barge logistics context),88,2026-08-22
ARC-PORT-070,Maniitsoq Port (Atlantkaj deep-water quay),ARC-CITY-074,Greenland,65.4115420,-52.8992878,GLJSU,8.0,2,300000,None,25000,No,,180,Royal Arctic Line / Kommune Qeqqata (KJ Construction contractor),Public (state/municipal),"sermitsiaq.ag (Atlantkaj indviet 2026-07-06: renovated deep-water quay reopened, goods/passenger handling, KJ Construction + Royal Arctic Line + Royal Greenland); sermitsiaq.ag (Atlantkaj delivered Dec 2025, reopening May 2026); nordicsub.dk (official: ~130 m new quay frontage Maniitsoq); OSM Overpass densify 2026-09-08 (OSM harbour node/1938313089 Maniitsoq)",85,2026-09-08
ARC-PORT-071,Mehamn Fishing Port (fixed quay upgrade),ARC-CITY-075,Norway,71.0374618,27.8422850,NOMEH,6.0,6,30000,Arc3,4000,Yes,,600,Mehamn Havn / Gamvik kommune,Public (municipal),"kystverket.no official (fishing port grant program context); nrk.no 2026-08 (NOK 23.5M fixed quay grant, Gamvik; part of NOK 83.6M 7-project round); havnemagasinet.no (Mehamn among 2026 awarded projects); OSM Overpass densify 2026-09-08 (OSM harbour node/5355453058 Mehamn)",88,2026-09-08
ARC-PORT-072,Oksfjord Fishing Port (two breakwater moles),ARC-CITY-076,Norway,70.2379430,22.3496727,NOOKS,7.0,8,40000,Arc3,5000,Yes,,900,Oksfjord Havn / Loppa kommune,Public (municipal),"kystverket.no official (fishing port grant program, 50% co-funding); nrk.no 2026-08 (largest 2026 award NOK 38.75M for two mole extensions securing berths, Loppa); havnemagasinet.no (NOK 38.75M awarded, two moles establishment/extension); bairdmaritime.com (Norway NOK 83.6M 7 fishing port projects incl. Oksfjord NOK 38.75M); OSM Overpass densify 2026-09-08 (OSM ferry_terminal way/665781769 Loppa Havn KF)",90,2026-09-08
ARC-PORT-073,Arkhangelsk Deep-Water Port (SPK Glubokovodny port Arkhangelsk x KRDV VEF-2026 agreement; NewNew SPIEF interest),ARC-CITY-002,Russia,64.7083,40.5135,RUARH,14.5,5,,Arc4-Arc7 (NSR feeder context),,Yes,,,AO SPK Glubokovodny port Arkhangelsk (CEO I. Atemasov) x KRDV / Minvostokrazvitiya / Arkhangelsk oblast / Rosatom (VEF-2026 4-party agreement); NewNew Shipping SPIEF 2026 memorandum,"PPP; OFFICIAL investment volume RUB 466.6B (VEF-2026 final tally; supersedes SPIEF-era up-to-RUB-200B estimate); neftegaz.ru/934882 02-Sep-2026 (VEF-2026 agreement signed 01-Sep: Minvostokrazvitiya deputy head Yu. Serdechkin + Arkhangelsk oblast deputy gov I. Muraev + Rosatom NSR/Arctic director V. Panov + JSC SPC Deep-Water Port Arkhangelsk CEO I. Atemasov; site Dvinsky Bay White Sea near Kuysky lighthouse north of Muduyug island, target ~2032; draught 14.5 m / 75,000 DWT; planned capacity 31.4 Mt/yr = general+container 14.9 + mineral fertilizers 5.5 + oil coke 3.0 + coal 1.0 + oil products 1.0 + bunkering complex; access rail ~70 km + road ~50 km; Rosatom to support ice-transport model + design docs; part of TTK St-Petersburg-Murmansk-Arkhangelsk-NSR-Vladivostok; current Arkhangelsk port capacity ~11 Mt design / 4-6.5 Mt actual, 9.2 m draught); 29.ru 04-Dec-2025 (site 5 km from Kuya village; up to 9 vessels simultaneously; 5 terminals 31.4 Mt; Phase 1 general/container terminal 2028-2035, 500 jobs; general partner Rosatom per Tsybulsky-Putin meeting Jul-2025)","bellona.org Monthly Highlights Russian Arctic June 2026 (SPIEF 2026: Arkhangelsk Region + NewNew Shipping memorandum for deepwater port area, up to RUB 200B, 5 terminals, up to 75,000 DWT and 14.5 m draught by 2032; NewNew up to 12 China-Arkhangelsk NSR voyages 2026; Arctic Express window late July-early November; 2027 target 1M tonnes containerized Russia-China); en.arctic.ru Panov interview 2026-06-11 (TATC financial-economic model approval by 2026-09-01); tass.com (Rosatom: NSR freight 2026 +15% YoY, 37M+ tonnes, container transit growing) + vedomosti.ru/press_releases/2026-09-04 Roscongress OFFICIAL VEF-2026 final: SPK Glubokovodny port Arkhangelsk x KRDV agreement RUB 466.6B northern cargo flows + erdc.ru 05-Sep-2026 KRDV official wrap-up + arkhangelsk-live.ru & arh.aif.ru 02-Sep-2026 (TASS-sourced: 4-party signing incl. Rosatom, target 2032, containers/fertilizers/coal/oil-coke + bunkering) + rusca ble.ru & forumvostok.ru syndication | GIS-QA densify 2026-09-08: OSM Ekonomija cargo terminal; densify off RUARH parent ARC-PORT-002",94,2026-09-08
ARC-PORT-074,Cape Blossom Regional Port (planning — Kotzebue),ARC-CITY-033,USA,66.8500,-162.2100,USOTZ,,,,Arc4,,No,,,"City of Kotzebue (City Manager Tessa Baldwin) / Cape Blossom Regional Strategy Committee (Northwest Arctic Borough, Kikiktagruk Inupiat Corp., Kotzebue IRA, NANA); PND Engineers planning/design",Public (municipal; planning stage),"murkowski.senate.gov (official Senate 2023-11-03: $2.4M MARAD PIDP grant, feasibility + cost-benefit for first US deep-water port north of Arctic Circle); sullivan.senate.gov (official Senate: $72M Alaska package, Cape Blossom planning); adn.com Arctic Sounder 2023-11-09 (independent: $2,455,485 award, Phase III planning, regional priority since 1973, reduced freight/living costs); hacc.world (independent: feasibility, benefit-cost, site surveys, geotechnical); kotzebueak Resolution 24-41 (official: MARAD PIDP grant 693JF72444063, $2,455,485)",88,2026-08-22
ARC-PORT-075,Nuuk Harbour Expansion — Qeqertat quay (350m: 200m trawler terminal + 150m dual-use naval quay),ARC-CITY-010,Greenland,64.1700,-51.7100,GLGOH,12.0,3,,None (ice-free harbour),,No,,,"Sikuki Nuuk Harbour A/S (contractor: KJ Greenland A/S, selected 2026-04-14)",State-owned (Danish Armed Forces dual-use agreement for prioritized access),"sikuki.gl press release 2026-04-17 (official operator: KJ Greenland A/S selected after tender Apr 14 2026, 350m new quay incl. 200m trawler terminal + 150m dual-use naval quay, completion Nov 2028, Danish Armed Forces prioritized access); upfrontcom.dk 2026 (independent: 3-season construction 2026-2028, Qeqertat/Admiralty Islands extension of 2017 container terminal, shore-power planned for container/trawler/naval quays, Arctic Command dual-use berth); linkedin.com/posts/greenland-business-and-investment (Nuuk maritime sector: 1,900 jobs, DKK 1B+ annual revenue, Arctic hub positioning); knr.gl/da/nyheder/stor-udvidelse-af-havnen-i-nuuk-er-nu-paa-vej (national broadcaster: contract signed, quay at Qeqertaq Avalleq); sermitsiaq.ag/samfund/sikuki-har-udpeget-entreprenor-til-stor-havneudvidelse; sikuki.gl/2026/07/08 ground-breaking ceremony held Jul 7 2026 - construction underway",90,2026-08-23
ARC-PORT-076,Kirkenes Havn KF → Sør-Varanger kommune integration + Øst-Finnmark Intermodal Port Concept (5-port),ARC-CITY-016,Norway,69.7286210,30.0417013,NOKKN,10.5,8,2800000,Arc4-Arc5,95000,Yes,18000-45000,320,"Sør-Varanger kommune (from 2027-01-01; Kirkenes Havn KF dissolved), harbour chief warning re: development projects",Municipal (transitioning from municipal enterprise KF to direct kommune administration),"nrk.no/tromsogfinnmark 2026 (independent broadcaster: Kirkenes Havn KF dissolved and brought under Sør-Varanger kommune ordinary administration from 2027-01-01 per SP/KrF/Frp majority; harbour board replaced by municipal director; harbour chief warns Cruise Varanger AS, spa hotel front project, and intermodal port concept in Øst-Finnmark involving five other ports may be jeopardized; Nord University report on North Norwegian ports recommends shift from fragmented municipal ownership toward more state ownership); sorvarangerutvikling.no 2026 (official regional development body: ICE entrepreneurship programme, ACES circular economy summit, Øst-Finnmark positioning as intermodal Arctic hub); OSM Nominatim Sør-Varanger rådhus (node 5956632095) densify 2026-09-08 GIS loop",80,2026-09-08
ARC-PORT-077,Ísafjörður Harbour (Hafnir Ísafjarðarbæjar),ARC-CITY-063,Iceland,66.0745,-23.1150,ISISA,,,,None (ice-free harbour),,,,188,Hafnir Ísafjarðarbæjar (municipal harbour authority),Municipal (Ísafjarðarbær municipality),"icelandreview.com 2025-11-05 (independent: 188 cruise ships 2025, port fee revenue ~ISK 854M up from ISK 756.5M 2024, 181 ships booked 2026, 136 projected 2027 decline linked to new cruise passenger fee + customs exemption removal, cites mbl.is + municipality announcement + Cruise Iceland); mbl.is 2025-11-04 (national broadcaster: quarter million passengers to Ísafjörður); cruisemapper.com 2023-10-02 (independent: IKr 1B / EUR 8M pier extension investment); portcode.net + UNECE UN/LOCODE list (official: ISISA, 66 07 43N 023 12 79W); isafjordur.is (official municipality page linked in Iceland Review article)",85,2026-08-22
ARC-PORT-078,Finnafjörður Deep-Water Port (FFPD — planned greenfield),,Iceland,66.2700,-15.2500,,25,,,"None (ice-free year-round, Gulf Stream)",,,,,"Finnafjord Port Development Company (FFPD: Bremenports 66%, EFLA 26%, Langanesbyggð + Vopnafjarðarhreppur municipalities 8%)",Public-private JV; planning/concession stage (construction window slipped from 2021-23; acoustic baseline survey published 2024),"en.highnorthnews.com 2019-04-16 (Nord University outlet: JV signing 11 Apr 2019, 6 km quays, 1,200 ha industrial park, natural depth 25-70 m, lowest wave heights N. Atlantic, NSR transit hub + SAR base, customs-free zone, renewable power + hydrogen fuel, 40-yr development timeline); arctictoday.com 2019 (independent: deepwater port + industrial site, ice-free year-round); projectcargojournal.com 2019-04-12 (independent: 6 km quay, 1,200 ha hinterland, ~20 m water depth, Bremenports 2/3 share); bremenports.de Finnafjord page (official partner: sustainable harbour development NE Iceland, feasibility final_book.pdf); efla.is samstarfssamningur (official partner: cooperation agreement); sciencedirect.com Marine Pollution Bulletin Vol 209 2024 (pre-construction acoustic baseline 2021/22 confirms project still in development). NAME DISAMBIGUATION: Finnafjörður (NE Iceland, FFPD greenfield deep-water port) is NOT Finnfjordbotn/Senja (Norway, ferrosilicon plant) nor Finnafjörður (NW Iceland)",85,2026-08-22
ARC-PORT-079,"Reykjavík Vör Cruise Terminal (Skarfabakki 312, Viðeyjarsund)",ARC-CITY-013,Iceland,64.1628,-21.8514,ISREK,,,,None (ice-free harbour),,,,,Faxaflóahafnir (Reykjavík Port Authority / Faxaports),Public (municipal port authority; BREEAM-certified terminal),"iceland-highlights.com Vör Cruise Terminal 2026 (independent: opened for 2026 cruise season, official opening festival 29 May 2026, ISK 2.8B / ~EUR 24.3M terminal investment, BREEAM-certified, 2 high-voltage shore power connections within EUR 20.7M green-energy programme, name announced by Faxaflóahafnir 9 Mar 2026 after 6,025-name public competition, cruise passenger infrastructure fee reduced to ISK 1,600/person/day for 2026); icelandreview.com 2026-08-10 (record cruise fleet expected around Iceland for 12 Aug 2026 total solar eclipse incl. Reykjavík calls); faxaports.is (official port authority: Vör terminal, shore power programme); cruisedig.com / cruisemapper.com 2026 schedules (independent: Skarfabakki 312 calls)",80,2026-08-22
ARC-PORT-082,Whittier ARRC Tunnel Double-Stack Upgrade + 30 Railcars,ARC-CITY-072,USA,60.7768,-148.7210,USWIT,13.7,2,500000,Arc4,15000,Yes,,120,Alaska Railroad Corporation (ARRC: USD 20.4M PIDP FY2026 — tunnel elevation upgrade enabling double-stack container railcars connecting Port of Whittier to Interior Alaska/Arctic; 30 additional railcars for container service); Port of Whittier operational efficiency project,State-owned (ARRC),"gov.alaska.gov (Governor Dunleavy: ARRC $20.4M PIDP, tunnel upgrade for double-stack containers, 30 railcars, Port of Whittier context); adn.com/business-economy/2026/04/23 (independent: $20.4M ARRC, tunnel double-stack clearance, railcar purchase, PIDP FY2026 context); newsminer.com (independent: ARRC $20.4M, tunnel upgrade, Port of Whittier rail connection to Interior Alaska, Alaska delegation support); govmarketnews.com (independent: ARRC tunnel upgrade + 30 railcars, Port of Whittier operational efficiency, rail-enabled cargo to Interior/Arctic) | GIS-2026-09-07 densify ARRC tunnel approach/portal 60.7768/-148.7210 (distinct from Delong Dock)",90,2026-09-07
ARC-PORT-083,Lumina White Mountain Mine Port (Qartorqsuaq),ARC-CITY-062,Greenland,66.5369,-52.3091,,12.0,1,500000,Arc3,10000,Yes,50000-100000,6,Lumina Greenland (Lumina Strategic Minerals Group Inc.),Private,"globenewswire.com 2026-03-31 (PDAC 2026: featured as leading Greenland mine operator, White Mountain Mine anorthosite, 300km north of Nuuk, own dock facilities 35,000t vessels, 50,000t on-site storage, $100M+ invested, NASA/ESA collaboration); globenewswire.com 2025-11-12 (Lumina Extends Rare Earths: EXIM Bank $125M LOI, 30,000t single largest Greenland shipment, Ga/Ge export 2027, Qartorqsuaq plant); nationtalk.ca (PDAC 2026: dock 35,000t vessels, largest Greenland mine operator) | GIS-2026-09-07 densify: moved off Kangerlussuaq pin; Qaqortorsuaq OSM 66.5369/-52.3091; lumina.gl + globenewswire 50mi W of Kangerlussuaq; cleared false GLKAN",85,2026-09-07
ARC-PORT-084,Cold Bay Dock Replacement Project,ARC-CITY-077,USA,55.2061,-162.7143,USCDB,,,,,,,,,City of Cold Bay (MARAD PIDP grantee),Municipal,"sullivan.senate.gov (official: $43.3M MARAD PIDP grant - dock replacement incl. surveys, geotechnical work, analysis, design, permitting); govmarketnews.com (independent: $43.3M Cold Bay dock replacement, part of $653M national PIDP round)",85,2026-08-22
ARC-PORT-085,Metlakatla Port Improvements Project,ARC-CITY-078,USA,55.1289,-131.5722,USMTM,,,,,,,,,Metlakatla Indian Community (MARAD PIDP grantee),Municipal,"sullivan.senate.gov (official: $3.4M Metlakatla Port Improvements - barge fender and batter piles, breakwater replacement prep, boat haul-out mechanism repairs); govmarketnews.com (independent: MARAD PIDP Alaska allocation)",85,2026-08-22
ARC-PORT-086,Wrangell Deepwater Port (6-Mile Mill site),ARC-CITY-079,USA,56.385,-132.355,USWRG,15.0,,,Arc4,,,,,City and Borough of Wrangell (6-Mile Mill redevelopment; AML 40-yr barge lease; JAG Marine Group shipyard partner),Municipal (public-private),"wrangellsentinel.com (EDA Industry Transformation Pathway $42M request + $10.6M borough match for 6-Mile deepwater port/industrial hub, downtown waterfront fill, City Dock extension, new flume; AML 40-year lease for barge ramp/freight; 42-acre marine industrial hub); kstk.org (EDA disaster grant up to $50M, deepwater port + waterfront + flume portfolio, ~150 jobs); wrangell.com 2026-04-30 press release (official: Pearlson Group selected for shipyard design + shiplift development at deep-water port, JAG Marine Group partnership)",87,2026-08-22
ARC-PORT-087,Port of Piteå (Haraholmen),ARC-CITY-080,Sweden,65.219,21.558,SEPIT,11.2,2,1600000,"Yes (year-round, icebreaker-assisted)",,Yes (bunkering incl. state icebreakers),,,Piteå Hamn AB (port company); ShoreLink (terminal operator),Municipal (Piteå Municipality),"""portofpitea.se (official: Piteå Hamn AB manages/develops, ShoreLink goods management, 11.2 m depth open year-round, Haraholmen, E4 5 min, ISPS, vessel calls digitalized with Luleå from June 2026, icebreaker bunkering, ~65% forestry goods, 8 of 25 largest Norrbotten companies are clients, container lines to Bremerhaven/Antwerp/Hamburg, vehicle terminal); wallenius-sol.com (independent: one of deepest Bothnian Bay ports, ships to 250 m, ~1.6M t/yr, dual Ro-Ro ramps, cranes to 100 t, environmental approvals to expand to 12M t/yr); sca.com (official: SCA RoRo switch from Oct 1 2026 adds 550-600K t/yr from Munksund mill via Piteå/Haraholmen, ~40% emissions reduction, vessels 11-12 kn); baltictransportjournal.com (independent: SCA Munksund ~400K t/yr packaging paper shifts from Umeå to Piteå, CEO Ulrika Nilsson comment)""",90,2026-08-22
ARC-PORT-088,Port of Skellefteå (Skelleftehamn),ARC-CITY-081,Sweden,64.684,21.32,SESFT,12.5,1,1500000,"Yes (icebreaker-assisted, year-round)",,Yes,,,Port of Skellefteå (Skellefteå Municipality; ShoreLink until 2026/27 transition),Municipal (Skellefteå Municipality),"""portofskelleftea.se (official: SEK 1.4B expansion project, new quay 275 m long 28 m wide 12.5 m ram-free depth, 250 m vessels, dredging of quay area and fairway, larger/quays specialized by cargo type, electric crane investment, fossil-free port 2030 goal, completion end 2027 with parts ready 2026); skelleftea.se (official municipality: new quay 275 m, 12.5 m depth, partially ready 2026 earlier than plan, world-first all-electric crane since 2022, intermodal rail/sea/road, Stegra logistics agreement); dagenslogistik.se (independent: SEK 97M Tillväxtverket/ERDF support from Övre Norrland programme ~SEK 300M, current ~400K t/yr, Northvolt full operation adds up to 700K t, target 1.5M t/yr, new railway track + extended quay); norran.se (independent: Stegra deal Sept 2025, new quay inauguration before end of 2026, municipality takes over operation model from ShoreLink at turn of 2026/27)""",88,2026-08-22
ARC-PORT-089,Grundarfjarðarhöfn (Grundarfjörður Harbour),ARC-CITY-082,Iceland,64.9183,-23.2503,ISGRU,9.5,2,,No (ice-free natural harbour),,Yes,,,Grundarfjarðarhöfn (Grundarfjörður municipality; Harbour Master Hafsteinn Garðarsson),Municipal,"""grundport.is (official port authority: excellent natural harbour, secure easily navigated entrance, main pier 365 m, Berth 1 135 m length/9.5 m depth at lowest tide/max ship 240 m/100-200 t bollards, Berth 2 220 m/8.0-6.5 m/max 170 m, turning basin 1200 m, tendering 0.4-0.5 nm, ISPS compliant, fresh water 27 t/h, VHF ch 12, pilotage not compulsory, cruise calendar via DOKK portal); iceland-highlights.com (independent: Grundarfjörður cruise port on Snæfellsnes, live DOKK schedules, 6-8 h typical port time); west.is (independent regional tourism: gateway to Snæfellsnes peninsula). NAME DISAMBIGUATION: distinct from Grundartangi (Hvalfjörður industrial port, ARC-PORT-055 area) — different location ~120 km SW""",90,2026-08-22
ARC-PORT-090,"Port of Dysnes - The Arctic Hub (greenfield industrial harbour, planned)",ARC-CITY-014,Iceland,65.8292,-18.1879,,PLANNED,PLANNED,,"None (Eyjafjordur fjord, ice-free conditions)",1000000,PLANNED,,,Hafnasamlag Nordurlands (North Iceland Harbour Association / Port of Akureyri),Municipal (harbour association),"port.is Port of Akureyri - Dysnes page (official port authority: green-field industrial site 15 km north of Akureyri, Arctic sectors - mining, oil exploration, research, Arctic hub positioning); invest.northeast.is Invest in Northeast Iceland (official regional development agency: Arctic Hub open investment opportunity, 15 km north of Akureyri, weekly European shipping via two carriers); afe.is Eyjafjordur Investment Promotion report (official: ~100 ha reserved for industry, 66 kV power line nearby, harbour construction to begin after planning, part of Eyjafjordur maritime cluster with Slippurinn largest Icelandic ship maintenance facility)",80,2026-08-22
ARC-PORT-091,Qaqortoq Dual-Use Port Expansion (planned: defence + civilian + shore power),ARC-CITY-052,Greenland,60.7225,-46.0335,GLJJU,PLANNED,PLANNED,,None (ice-free harbour),,PLANNED (shore power contingent on renewables),,,Royal Arctic Line / Government of Greenland (defence collaboration with Arctic Command),State-owned,"cipfonden.dk Sustainable Investment Opportunities in Greenland catalogue 2026 (official catalogue by CIP Foundation + Greenland Business Association + Danish Industry: Qaqortoq planned dual-use port expansion, defence + civilian, potential shore power investment contingent on renewable energy development); Greenland Business and Investment post re maritime infrastructure (dual-use quay design in close collaboration with Arctic Command); reuters.com 2025-09-16 + en.highnorthnews.com (Denmark-Greenland framework agreement: DKK 1.6B Danish envelope 2026-2029 explicitly financing a deep-water port (dybvandshavn) in Qaqortoq + Ittoqqortoormiit runway; announced by Danish govt and Naalakkersuisut, Greenlandic PM Jens-Frederik Nielsen) | GIS-QA densify 2026-09-08: Planned dual-use densify between Qaqortoq town and GLJJU parent ARC-PORT-053",87,2026-09-08
ARC-PORT-092,Sørkjosen Quay (Sørkjosen Kai),ARC-CITY-083,Norway,69.786,20.955,NOSKJ,8.0,1,150000,"No (seasonal, ice typically limited; sheltered fjord)",,No,,50,Nordreisa Kommune (municipal port; NOK 2M Statskog value-creation grant for timber quay upgrade 2026; rehabilitation tender 2026),Municipal,statskog.no;anbud.cobrief.no (Nordreisa Kommune tender 2026-06-08),75,2026-08-22
ARC-PORT-093,Alta Urnesbukta Floating Quay (Alta Havn KF),ARC-CITY-044,Norway,69.9686,23.2717,NOALT,9.0,2,100000,No (ice-limited; sheltered fjord),3000,Yes (bunker ops),,600,Alta Havn KF (municipal port company),Public (municipal),"""marinasolutions.no (official supplier case: new floating quay delivered 2026, 2 units 100m total, 6m wide, 20-ton bollards, crane-ready, Urnesbukta Alta); fiskeribladet.no (2026-06-18: Alta among municipalities benefiting from NOK 83.5M harbour upgrades); alta.kommune.no (municipal port context)""",85,2026-08-22
ARC-PORT-094,Vardø Fishing Harbour — External Breakwater (ytre molo),ARC-CITY-084,Norway,70.3759328,31.1072193,NOVAO,7.0,4,80000,No (open Barents Sea; ice-limited),5000,Yes,,450,Vardø Havn KF,Public (municipal),"""osthavet.no (2026-02-23: final permit for external breakwater, 3 years construction, council exemptions to speed up expansion); kystverket.no (official: Svartnes southern breakwater repair May 2025 NOK 5M, Finnmark Entreprenør); kystmagasinet.no (2026 national harbour maintenance programme ~NOK 150M)""; OSM/Kystverket harbour node Vardø fishing (node 5355495287) densify 2026-09-08 GIS loop",80,2026-09-08
ARC-PORT-095,Kjøllefjord Fishing Harbour Expansion (2 new breakwaters + dredging),ARC-CITY-085,Norway,70.9479126,27.3353868,NOKJF,8.0,3,120000,No (ice-limited; exposed Finnmark coast),4000,No,,350,Kjøllefjord Fiskerihavn (Lebesby kommune) / Kystverket,Public (state+municipal),"""kystverket.no (official: NCC Norge contract NOK ~510M excl. VAT, 2 new breakwaters + inner harbour deepening, start Sept 2026, completion autumn 2029); kystmagasinet.no (fishing harbour priority projects Finnmark); nrk.no (Finnmark harbour funding context)""; OSM Overpass densify 2026-09-08 (OSM harbour node/5355453097 Kjøllefjord)",92,2026-09-08
ARC-PORT-096,Honningsvåg Harbour — New Fixed Quay,ARC-CITY-086,Norway,70.9809100,25.9689880,NOHVG,8.5,4,150000,No (ice-limited; North Cape coast),6000,Yes,,500,Honningsvåg Havn (Nordkapp kommune),Public (municipal),"nrk.no/tromsogfinnmark (2026: NOK 66M+ fishing harbour grants incl. Honningsvåg new quay); bairdmaritime.com (2026-06-18: NOK 83.6M 7-project round, fixed dock Honningsvåg); kystverket.no (official programme up to 50% state funding); OSM Nominatim Honningsvåg kystrutekai (Holmen/Holmbukt ferry quay) 70.9809100/25.9689880 — densify off parent ARC-PORT-040 town harbour pin",85,2026-09-08
ARC-PORT-097,"Kirkenes Port — Tugboat Services (Sydvaranger Drift / Arctic Dive, 24/7/365 Panamax tugs from 31 Oct 2026)",ARC-CITY-016,Norway,69.7267740,30.0348534,NOKKN,10.5,8,2800000,"Arc4-Arc5 (Panamax-class tugs, year-round, icebreaker bunkering available)",95000,Yes (bunkering incl. state icebreakers),18000-45000,320,"Sydvaranger Drift AS (GRANGEX AB subsidiary) + Arctic Dive AS (tugboat contractor, 24/7/365); Kirkenes Havn KF (port authority, dissolving into Sor-Varanger kommune from Jan 2027)",Private (GRANGEX/Sydvaranger tug contract) + municipal port authority,"placera.se/pressmeddelanden/grangex-grangex-enters-into-agreement-of-tugboat-services-in-kirkenes-20260401 (official GRANGEX press release via MFN: long-term contract, 24/7/365, 2 Panamax tugs, start Oct 31 2026); inderes.se (official GRANGEX press release copy: 24/7/365, two fully manned tugs, certified crew, ore carrier support); mfn.se (official Swedish financial news: long-term agreement, two tugs, 24/7 service, local employment, Mine restart); linkedin.com/company/grangex-ab-publ (official GRANGEX LinkedIn: tugboat agreement secures logistics ahead of Sydvaranger restart); im-mining.com (Hartikainen MSA, Sydvaranger restart 2026, first commercial exports late 2026, 25-year mine life, ~63.3M t concentrate, 250 staff); OSM Sydvaranger kai / Shipyard Kimek 69.7267740/30.0348534 — Sydvaranger Drift tug ops; densify off ARC-PORT-015",90,2026-09-08
ARC-PORT-098,Port of Seward (deep-water ice-free port + USCG FRC homeport),ARC-CITY-087,USA,60.1189282,-149.4278488,USSWD,14.0,4,130000,Ice-free year-round (deep-water fjord harbor),60000,Yes,5000-25000,300,City of Seward Harbormaster; Alaska Railroad Corp. (freight dock + cruise terminal operator); USCG (FRC/ASC homeport facilities),Municipal (City of Seward) + public (Alaska Railroad Corp.) + federal (USCG),"seward.com/maritime (official City of Seward: only deep-water ice-free port in Alaska with rail+highway+air; Resurrection Bay; small boat harbor; marine industry cluster); citizenportal.ai (Alaska Senate Transportation 2026-03-31: freight dock ~600 ft lengthening to ~1,000 ft Phase 1 funded $25M completion 2027, Phase 2 widening to 300 ft $8.5M pending USDOT BUILD, ~100,000 t/yr inbound freight, ~30M gal/yr fuel pipeline, TOTE Maritime Orca-class RoRo contingency port for Port of Alaska, MARAD PIDP ~$20M 2020 grant + $5.5M ARRC match); seatrade-cruise.com + cruisemapper.com (new $137M Alaska Railroad cruise terminal completed June 2026: 750-ft/229-m two-berth floating pier, 100-ft width, 68,000-sq-ft terminal, Royal Caribbean 30-yr anchor agreement, 87 cruise calls/188K visitors 2023); alaska-native-news.com + military.com (USCG $9.8M housing/maintenance contract Jul 2026, FRC Frederick Mann, Kodiak & Seward ASC homeports Jun 11 2026, 11 ASCs planned, $140M+ Base Kodiak task orders May 2026); trains.com (Seward cruise port $137M, RCG partnership, winter flex space); OSM Overpass densify 2026-09-08 (OSM harbour way/264719377 Seward Cruise Dock)",85,2026-09-08
ARC-PORT-099,"Pevek Cape Nagleynyn Marine Terminal (Baimskaya GOK gateway, op. 2026)",ARC-CITY-006,Russia,69.7200,170.2000,RUPEV,12.29,1,2000000,Year-round w/ dedicated port fleet,,,No,,,"Under construction - Glavgosexpertiza approval issued; state-funded sections + Baimskaya GOK user (Kaz Minerals/UGMK), State (budget investment RUB 27.6B+)","en.portnews.ru/news/353659 (Glavgosexpertiza positive conclusion: 275m berth, depth 12.29m at berth); en.portnews.ru/news/344234 (operation from 2026, port fleet ensures year-round service, serves Baimsky field design capacity - cites Chukotka Industrial Policy Dept); tadviser.com/index.php/Company:Pevek_(seaport) (capacity ~2M t/yr, commissioning 2026); neftegaz.ru (government decision to expand Pevek port territory for Baimsky terminal, budget >RUB 27.6B, commissioning 2026); kazminerals.com/baimskaya-project-update-1 (state constructs Cape Nagloynyn port sections incl. dredging by 2026); coords approx: Cape Nagleynyn adjacent NW of existing Pevek quays in Chaunskaya Bay",90,2026-08-23
ARC-PORT-100,Utqiagvik Coastal Storm Damage Reduction Project (Barrow Coastal Erosion - 5-mile Rock Revetment),ARC-CITY-074,USA,71.290224,-156.794962,USUQT,NULL,NULL,NULL,Arc4,NULL,No,NULL,NULL,US Army Corps of Engineers Alaska District (construction) / City of Utqiagvik (sponsor),Public (federal-state-local partnership),"poa.usace.army.mil news release USACE awards contract for Utqiagvik coastal erosion project (official .mil: contract award, revetment + berm + Stevenson Street raise phases); pod.usace.army.mil USACE breaks ground Aug 11 (official .mil groundbreaking ~5 miles coastline protection); sam.gov Barrow Alaska Coastal Erosion Reduction notice (official: rock sourcing/quarrying/transport/placement scope); digital.akbizmag.com Barrier for Barrow (USD 364M WRDA+IIJA, 23,200 cu yd fill: 11,900 armor rock, 6,600 B stone, 2,300 core, 2,400 gravel, berm raises Stevenson Street); knom.org 2025-06-27 (100,000+ tons armor rock shipped Nome to Utqiagvik by BSNC); OSM Photon Stevenson Street tertiary coastal segment 71.290224/-156.794962 (USACE Barrow Coastal Storm Damage Reduction / Stevenson Street raise); densify off ARC-PORT-056 town pin",93,2026-09-08
ARC-PORT-101,"Clyde River Small Craft Harbour (new DFO community harbour, completed Mar 2026; 72-vessel basin)",NULL,Canada,70.4753,-68.5890,CACLR,NULL,NULL,NULL,NULL,NULL,No,NULL,NULL,Niutaq Harbour Authority (community not-for-profit); owned under DFO Small Craft Harbours; built by Pilitak Enterprises Ltd (~CAD 38M contract awarded 2022); breakwaters + fixed wharf + launch ramp + floating wharves + shore electricity; tied to Tallurutiup Imanga NMCA Inuit Impact Benefit Agreement commitments,Public (federal DFO / community harbour authority),canada.ca/en/fisheries-oceans/news/2026/03 Clyde River completion release 2026-03-27; ecomagazine.com 2026-03; bairdmaritime.com 2026-03; renewcanada.net 2026-03+08; nationalfisherman.com 2026-04,97,2026-08-23
ARC-PORT-102,"Qikiqtarjuaq Deep Sea Port (phase 1 CAD 350M; CAD 40M federal NTCF + CAD 10M GN secured; construction target Jun 2026, operational ~2028; Davis Strait offshore fisheries offload on NW Passage main route)",NULL,Canada,67.8569,-64.0306,,NULL,NULL,NULL,NULL,NULL,NULL,NULL,NULL,Qikiqtaaluk Corporation / Arctic Economic Development Corporation (Inuit-led),Community/Inuit corporate partnership,https://www.canada.ca/en/transport-canada/news/2021/08/government-of-canada-invests-in-transportation-infrastructure-in-nunavut.html ; https://nunavutnews.com/2025/12/10/qikiqtarjuaq-deep-sea-ports-first-phase-estimated-at-350-million ; https://www.premier.gov.nu.ca/sites/default/files/2025-04/Federal%20Election%202025%20Priorities_web.pdf ; https://qikport.ca,92,2026-08-23\r\r\n
ARC-PORT-104,"Narvik Port Dock 5 New Shiploader (LKAB SEK 500M within SEK 5B Narvik terminal programme through 2029; inaugurated 27 Nov 2025; replaces 1977 loader; 2,200-tonne unit installed by Sarens; part of LKAB ~SEK 5B invested in Narvik since 2005)",ARC-CITY-020,Norway,68.4205,17.4332,NONVK,NULL,NULL,NULL,Arc4-Arc5,NULL,NULL,NULL,300,"LKAB (industrial port of loading, dock 5); Narvik Havn KF port authority",Corporate industrial loading facility within municipal ice-free Atlantic port,https://lkab.com/en/news/new-ship-loader-for-continues-stable-deliveries ; https://lkab.com/en/community-development/lkab-in-narvik ; https://en.highnorthnews.com/business/lkab-strengthens-logistics-in-the-north-with-a-new-ship-loader-in-the-port-of-narvik/1094770 ; https://www.worldcargonews.com/bulk/2025/12/lkab-commissions-new-shiploader-in-narvik ; https://sarens.prowly.com/442978-sarens-installs-lkabs-new-2200-ton-shiploader-in-the-port-of-narvik-for-more-efficient-and-environmentally-responsible-operation | GIS-QA densify 2026-09-08: OSM Fagernesveien / LKAB Fagernes ore-terminal corridor; densify off NONVK parent ARC-PORT-019,95,2026-09-08
ARC-PORT-105,"Cascade Point Ferry Terminal (new-build AMHS terminal, USD 37.6M FTA award announced Aug 2026; Lynn Canal service north of Juneau)",NULL,USA,58.8500,-135.0200,,NULL,NULL,NULL,None,NULL,No,NULL,NULL,Alaska DOT&PF (Alaska Marine Highway System) with Federal Transit Administration funding,Public (state),alaskasnewssource.com/KTUU (Aug 21 2026 award breakdown incl. $37.6M Cascade Point); ktoo.org (Aug 21 2026); thealaskastory.com (Aug 21 2026); FTA announcement Aug 17 2026 via Gov. Dunleavy office,90,2026-08-23
ARC-PORT-106,"Alaska LNG Nikiski Marine Terminal (Phase 2 under development - 20 MTPA liquefaction + export, FID pending; Phase 1 pipeline mech. completion target 2028, first gas 2029)",ARC-CITY-088,USA,60.6870,-151.3951,USNIK,NULL,NULL,20000000,NULL,NULL,NULL,NULL,NULL,Glenfarne Alaska LNG (75%) / Alaska Gasline Development Corporation (25%),Private-State JV (Glenfarne 75% / State of Alaska via AGDC 25%),https://glenfarnegroup.com/glenfarne-announces-major-phase-one-alaska-lng-milestones-with-construction-line-pipe-supply-and-in-state-gas-agreements | https://www.offshore-energy.biz/30-year-gas-pact-puts-44-billion-lng-project-at-go-no%E2%80%91go-crossroads | https://alaskabeacon.com/2025/12/22/alaskas-44-billion-bet-on-natural-gas | https://www.offshore-energy.biz/44-billion-alaska-lng-project-scores-new-offtake-deal-with-japanese-player,88,2026-08-23
ARC-PORT-107,"Juneau USCG Icebreaker Homeport Pier (USCGC Storis base - USD 300M shoreside infrastructure, completion target ~2029; second ASC homeport under consideration per Juneau Assembly resolution Jun 2026)",NULL,USA,58.3019,-134.4197,USJNU,NULL,NULL,NULL,None,NULL,NULL,NULL,NULL,U.S. Coast Guard District 17 (funded via FY2025 reconciliation / One Big Beautiful Bill Act; Sen. Sullivan-secured),Federal (military),"sullivan.senate.gov press release (USD 300M new modern CG pier Juneau for expanded Arctic/Pacific ops; also Seward FRC homeport USD 50M, Sitka USD 65.9M, Ketchikan USD 7.1M); begich.house.gov (USD 300M for homeporting USCGC Storis, commissioned Juneau 2025); juneauempire.com 2026-02-03 (completion likely not before 2029 per Commandant); ktoo.org 2026-06-22 (Juneau Assembly resolution supporting second icebreaker homeport); adn.com 2025-11-30 (homeport decisions goal early 2026)",90,2026-08-23
ARC-PORT-108,"Unalaska Marine Center - Port of Dutch Harbor (#1 US fishing port by volume 26 consecutive years per NOAA FUS2023 780.1M lbs/$224.5M; UMC+USCG Dock ~2,051 linear ft dock face; Matson 30/40-t container cranes + rail; North Pacific Fuel bunkering; UMC Dock Resurfacing Pos 5-7 engineering RFP May 2026 + LED high-mast lighting replacement at Light Cargo Dock/UMC Nov 2025)",ARC-CITY-054,USA,53.8894,-166.5272,USDUT,NULL,NULL,NULL,None (ice-free Bering Sea port),NULL,Yes,NULL,NULL,City of Unalaska Dept of Public Works & Ports,Municipal,unalaska.gov/portsandharbors/page/unalaska-marine-center-umc-and-uscg-dock | unalaska.gov/publicworks/page/request-proposals-umc-dock-resurfacing-5-7 | unalaska.gov/publicworks/page/invitation-bid-ports-lighting-improvement-project | s3.amazonaws.com/media.fisheries.noaa.gov/2026-02/FUS-2023-web.pdf (NOAA Fisheries of the United States 2023),92,2026-08-24
ARC-PORT-109,"Port of Reykjanes Keflavik Harbour Cruise Upgrade Programme (planned - Reykjanesbaer Business & Port Council reviewing proposals: stronger piers for larger ships, breakwater extension shelter upgrade, harbour dredging, possible replacement of 1930s stone piers with landfills; growth 1 ship 2023 -> 4 ships/822 passengers 2025; target: significantly more arrivals by 2028)",NULL,Iceland,63.9988,-22.5550,ISKEF,NULL,NULL,NULL,None (ice-free harbour),NULL,NULL,NULL,NULL,Reykjaneshofn / Port of Reykjanes (Reykjanesbaer municipality); Harbour Director Halldor Karl Hermannsson,Municipal,icelandreview.com/news/harbour-in-keflavik-to-receive-major-upgrades-for-cruise-tourism | ruv.is/frettir/innlent/2025-09-29-vilja-baeta-adstodu-fyrir-skemmtiferdaskip-i-keflavikurhofn-454761 | reykjaneshofn.is/en-gb (official operator cruise page),65,2026-08-24
ARC-PORT-170,Cordova South Harbor (rebuilt 2026),ARC-CITY-089,USA,60.5432,-145.7564,USCDV,NULL,727 slips,NULL,None (Gulf of Alaska; Prince William Sound seasonal ice-free),96000 sq ft float surface,Yes (Shoreside Petroleum commercial fueling dock),10000-25000,NULL,City of Cordova Port and Harbor (design-build: Turnagain Marine Construction),Municipal,"cityofcordova.net/harbor (official: 727-vessel capacity, one of Alaska's largest single-basin harbors, 24-70 ft slips, seaplane moorage, two tidal grids); dot.alaska.gov/stwdplng/ports (official State of Alaska DOT&PF Municipal Harbor Facility Grants: City of Cordova Port and Harbor award recipient, FY2026 project awards list); akbizmag.com 28 Jan 2026 (two-year USD 40M rebuild completed/opening for summer: MARAD RAISE USD 20M + USD 5M Tier 1 state harbor grant + voter-approved bond; capacity expanded 425 to 727 slips; 96,000 sq ft new float surface; Turnagain Marine Construction design-build); akbizmag.com Cordova South Harbor project-underway feature (RAISE award context). NAME DISAMBIGUATION: Cordova South Harbor distinct from Cordova Small Boat Harbor city dock/T-Dock facilities; not related to Cordova Bay Canada",90,2026-08-24
ARC-PORT-110,Galtarhofn Deep-Water Harbour & Green Industrial Park (planned; zoning approved 28 Jan 2026; EIA decision Q3 2026; construction from 2027; first berths operational target 2029),NULL,Iceland,64.3200,-21.8500,,NULL,NULL,NULL,None (ice-free North Atlantic fjord),Planned green industrial park on Hvalfjordur west shore beside Grundartangi (projected thousand-person worksite; absorbs overflow from Grundartangi which is at capacity; cargo + cruise piers),NULL,NULL,NULL,GH Harbour (Galtarhofn project company); zoned by Hvalfjardarsveit municipality,Private/Municipal partnership,"ghharbour.com (official project site: timeline zoning approved 28 Jan 2026 Hvalfjardarsveit council; public notice of proposal 15 Apr - 27 May 2026; EIA under Act 111/2021 decision Q3 2026; quay wall/core infrastructure from 2027; first deep-water berths 2029) | ruv.is/frettir/innlent/2026-04-15-vilja-leyfa-hafnargerd-vestan-vid-grundartanga-472842 (national broadcaster: master-plan change enabling harbour at Galtarlaek west of Grundartangi) | mbl.is/frettir/innlent/2026/02/21/verdur_thusund_manna_atvinnusvaedi (21 Feb 2026: full operation within ~3 years, thousand-job industrial area) | hvalfjardarsveit.is/is/stjornsysla/hvalfjardarsveit/frettir/kynningarfundur-galtarlaekur-galtarhofn (municipal official notice: cargo+cruise pier). NAME DISAMBIGUATION: distinct from Grundartangi industrial quay (ISGRT, Norrdural smelter, east side) - Galtarhofn is the NEW overflow site immediately west; coordinates approximate to Galtarlaek site",88,2026-08-24
ARC-PORT-111,Helguvik NATO Fuel Depot Expansion + New 390m Quay (Reykjanes Harbour; declaration of intent signed 27 Nov 2025; construction late 2026 - completion 2029),NULL,Iceland,63.9900,-22.4000,ISHEL,NULL,NULL,NULL,None (North Atlantic ice-free),"25,000 cubic metres planned marine fuel storage + port facilities",Yes - NATO marine-fuel depot expansion; dual-use potential (may also serve civilian purposes per Icelandic government),NULL,NULL,Reykjanes Harbour (Reykjaneshofn) with Icelandic government Defence Division; financed by NATO (up to ISK 10bn ~ USD 67M),Government/NATO defence infrastructure (civilian-use provision),"government.is/news/article/2025-11-27-Development-of-infrastructure-in-Helguvik-underway (OFFICIAL Icelandic Government: construction financed by NATO) | arctictoday.com/nato-funded-infrastructure-expansion-announced-in-iceland (27 Nov 2025: 390-m quay, 25,000 m3 fuel storage, up to ISK 10bn USD 67M, start late 2026 complete 2029, signed by FM Thorgerdur Katrin Gunnarsdottir + Reykjanesbaer mayor + Reykjanes Harbour director) | grapevine.is/news/2025/11/27/nato-invests-10-billion-isk-in-new-oil-depot. NAME DISAMBIGUATION: Helguvik site DISTINCT from ARC-PORT-109 Port of Reykjanes Keflavik cruise upgrade (same operator Reykjanes Harbour, different harbour ~15 km SW); coordinates approximate to Helguvik cove",92,2026-08-24
ARC-PORT-112,"Bolungarvikurhofn Salmon-Industry Expansion (ISK 3bn ~ USD 24M plan; ~35,000 t annual landings driven by Westfjords salmon farming)",NULL,Iceland,66.1400,-23.2400,ISBOL,NULL,NULL,NULL,None (ice-free Westfjords harbour),Existing three-pier harbour (Brimbrjotur fish landing + main piers); expansion plan announced Nov 2025,NULL,NULL,"~35,000 t landed annually (per Morgunbladid Oct 2025, up sharply since Arctic Fish salmon plant opened Dec 2023)",Town of Bolungarvik (municipal harbour),Municipal,"mbl.is/200milur/frettir/2025/10/24/umsvif_i_laxeldi_kalla_a_staekkun_hafnar (VERIFIED: landings ~35 kt/yr, aquaculture driving expansion need) | undercurrentnews.com/2025/11/10/iceland-plans-24m-harbor-expansion-for-salmon-industry (ISK 3bn expansion plan - cost figure LIKELY single trade-press source pending municipal confirmation) | is.wikipedia.org/wiki/Bolungarv%C3%ADkurh%C3%B6fn (three main piers layout). Coordinates approximate to Bolungarvik harbour basin",75,2026-08-24
ARC-PORT-113,Don Young Port of Alaska Cargo Terminal 1 Replacement (PAMP Phase 2B; notice-to-proceed issued 2026; pile-driving from May-June 2026; completion target 2029),ARC-CITY-030,USA,61.2447,-149.8817,USANC,NULL,NULL,NULL,Cook Inlet seasonal ice managed with tug assist; seismic-resilient dock design (survive extreme events per PAMP),Terminal 1 is first of TWO new cargo terminals in Phase 2B (design-build procurement); demolishes two aging cargo terminals + older petroleum terminal on North Extension,Adjacent petroleum berths remain in service during phased replacement (port handles half of all Alaska inbound cargo; 5.5M tons fuel/freight 2025),NULL,NULL,Municipality of Anchorage (Port of Alaska enterprise department); supported by USDOT MARAD PIDP funding; total modernization program est. USD 2.25-2.7B,Municipal (public),"muni.org/Departments/Mayor/PressReleases Mayor LaFrance notice-to-proceed for Terminal 1 construction at Don Young Port of Alaska (OFFICIAL: construction start 2026, 240-ft pilings barged from May, complete 2029) | hdrinc.com/portfolio/don-young-port-alaska-modernization-program (Phase 2B = two new cargo terminals; Terminal 1 design-build; demolition scope) | portofalaska.com/port-of-alaska-modernization-program (official PAMP program page) | nationalfisherman.com (program est. USD 2.25B) . NAME DISAMBIGUATION: DISTINCT from ARC-PORT-081 (petroleum terminal REPLACEMENT PLANNING only) and from ARC-PROG-071 ($180M federal settlement overview) and ARC-PROG-134 (PIDP FY2026 statewide awards); this row covers the CARGO TERMINAL 1 CONSTRUCTION phase specifically | GIS-QA densify 2026-09-08: OSM Port of Alaska place; densify off USANC parent ARC-PORT-025",92,2026-09-08
ARC-PORT-114,Port of Yeongilman (Pohang) Northern Sea Route Specialised Hub Feasibility Study (concept-study contract 19 May 2026 - 20 Apr 2027; KRW 186M ~ USD 120K),NULL,South Korea,36.0194,129.4256,KRKPO,NULL,NULL,NULL,No ice class required at home port (ice-free East Sea); NSR transit legs require Arc-class escort - context: PanStar Acro 3000TEU trial voyage Busan-Europe via NSR departed Aug 2026,"Study scope: identify infrastructure requirements + future functions to support Asia-Europe shipping along 5,600-km Northern Sea Route; intended for inclusion in MOF Fifth National Port Master Plan + basic plan under Arctic Shipping Route Special Act (passed National Assembly 2026)",NULL,NULL,NULL,"Pohang City Government (study commissioning party); Ministry of Oceans and Fisheries (MOF, national strategy alignment + pilot NSR operations H2 2026)",Municipal/national (public port),"bairdmaritime.com/shipping/ports/south-korea-to-develop-yeongilman-port-into-northern-sea-route-hub (study objective + KRW186M contract ending 20 Apr 2027) | en.portnews.ru/news/393377 (contract 19 May 2026 - 20 Apr 2027 'Yeongilman NSR specialised port concept study') | en.highnorthnews.com/business/south-koreas-pohang-city-seeks-arctic-shipping-role/1114973 (Fifth National Port Master Plan + Arctic Shipping Route Special Act alignment) | korea.net/NewsFocus/Business/view?articleId=283386 (OFFICIAL Korean government: MOF northern-route strategy, SE marine capital region incl. Pohang) | en.yna.co.kr/view/AEN20250807002700320 (oceans minister pilot ops 2026) . NAME DISAMBIGUATION: Yeongilman (Pohang New Port, KRKPO) DISTINCT from Busan (KRKAN) and Ulsan ports; also DISTINCT from Hanwha Ocean next-gen icebreaker program (shipbuilding, separate row domain)",88,2026-08-24
ARC-PORT-115,Port of Adak (Aleut Ventures / Adak Fuels),ARC-CITY-090,USA,51.8815,-176.6581,USADK,12,2,50000,Arc-mixed (strategic Bering Sea/Aleutian deep-water); seasonal ice-class transshipment,83000,"Yes (marine diesel, Jet-A, avgas; 22M-gal bulk fuel storage at Adak Fuels)",TBD,60,Aleut Ventures (founded 1997; Anchorage HQ; owns Port of Adak + Cold Bay/Frosty Fuels),Private (Aleut Corporation affiliate ecosystem); Denali Commission + US Navy dual-use infrastructure partnership (up to $115M),"aleutventures.com (official: owns Port of Adak, 22M-gal Adak Fuels, marine diesel/Jet-A/avgas, Denali Commission interagency); denali.gov (official: Denali Commission-US Navy up to $115M for Adak energy, transport, airfield, fuel infra); adak-ak.us (official city context)",88,2026-08-24
ARC-PORT-118,Bukhta Sever (Sever Bay) Oil Terminal — Vostok Oil (Rosneft),ARC-CITY-008,Russia,72.90,78.70,,,2 cargo berths + port-fleet berth + 1st oil-loading berth (Stage 1),"30,000,000 (Stage 1, Sept 2026) → 100,000,000 by 2030; first crude imminent","Ice-class tankers >120,000 dwt; NSR-enabled",Tank farm: 102 tanks planned by 2030,Yes (oil loading),,,Bukhta Sever terminal (Rosneft Vostok Oil); FSUE Hydrographic Company (Rosatom) developer,State-private (Rosneft Vostok Oil / Rosatom NSR),"rosneft.com/press/releases/item/206393 (official Rosneft: LENMORNIIPROEKT expansion contract, 30→100 Mt/yr by 2030); en.portnews.ru/news/393101 (PortNews: Bukhta Sever Phase 1 Sept 2026 commissioning, 30 Mt/yr initial); interfax.com/newsroom/top-stories/118144 (Interfax: Sechin confirms Sept 2026 launch, 790-km pipeline); tass.com/economy/2149061 (TASS: Sept launch, Vostok Oil 52-60 license blocks); portseurope.com (Ports Europe: largest Arctic oil terminal, stage 1 first shipment Sept 2026) | VEF-2026 UPDATE 3-Sep-2026: Putin at plenary announced imminent launch of the mainline oil pipeline to the new Bukhta Sever terminal and shipment of the FIRST Vostok Oil crude; ~800 km pipeline from Turukhansk district already built and commissioning-ready; Taymyr build-out = 15 production towns, 2 new airfields, sea port. Sources: rg.ru 3-Sep-2026 (OFFICIAL-GOV 'Владимир Путин заявил о скором запуске проекта Восток Ойл на Таймыре') + neftegaz.ru 3-Sep-2026 + portnews.ru/news/396443 + 1prime.ru/20260903/neft-872972067.html, conf 88->90",90,2026-09-04
ARC-PORT-119,Blue Water Blue Imeq — Greenland logistics hub (Nuuk),ARC-CITY-010,Greenland,64.1835,-51.7216,GLGOH,,,"3,000-pallet high-bay warehouse + cross-docking terminal",Arctic / North Atlantic year-round logistics,"High-bay warehouse (up to 3,000 pallets) + cross-docking terminal",No,,,Blue Water Shipping (Blue Imeq),Private (Blue Water Shipping),"heavyliftpfi.com/logistics/2026/03/10/blue-water-opens-greenland-logistics-hub/ (independent trade press: opened 6 Mar 2026, Nuuk North Atlantic/Arctic hub, 3,000-pallet high-bay warehouse, director Kenneth Skovbjerg Pedersen); bluewatershipping.com (operator official site — global logistics group confirm)",74,2026-08-24
ARC-PORT-121,DP World Vladivostok Arctic Container Terminal (planned; FESCO feasibility study),ARC-CITY-091,Russia,43.1155,131.8855,RUVVO,,,,Arctic / NSR container transshipment (seasonal); proposed new berth to expand Vladivostok port into NSR transshipment hub,,,,,DP World (UAE) + FESCO (feasibility study); International Container Logistics JV with Rosatom (51% Rosatom / 49% DP World),"Private (DP World + FESCO JV, with Rosatom)","highnorthnews.com/business/dp-world-wants-to-build-terminal-in-vladivostok-for-arctic-container-shipping/151460 (High North News: DP World wants to build Arctic container terminal in Vladivostok, feasibility study with FESCO to develop NSR into international trade artery, would expand port into transshipment hub); marinelink.com/news/rosatom-dp-world-arctic-container-489402 (Maritime Link: Rosatom-DP World Arctic container project, Northern Transit Corridor shorter East-West transits); breakbulk.news/dp-world-to-develop-arctic-shipping-line (quadrilateral DP World/RDIF/Rosatom/Norilsk Nickel NSR development agreement, SPIEF); mercopress.com DP World joins Russia to develop NSR (Intl Container Logistics JV registered Oct 2023, 960M RUB share capital)",75,2026-08-25
ARC-PORT-123,"Cape Blossom Deep-Water Port (proposed) — Kotzebue, North of the Arctic Circle",ARC-CITY-033,USA,66.8983,-162.5967,USKOT,,,"Proposed deep-water port north of Arctic Circle to enable Arctic shipping, regional trade & subsistence; Phase II Cape Blossom Road & Port corridor connecting Kotzebue to the coast",Coastal Arctic (proposed seasonally-accessible deep-water port),,,,,City of Kotzebue; Denali Commission ($2M Cape Blossom Road & Port Phase II); MARAD/PIDP planning ($2.4M),Public (municipal + Denali Commission / MARAD federal planning funds),"murkowski.senate.gov/press/release/72-million-announced-for-alaska-maritime-infrastructure-projects (official: Cape Blossom Port Planning Project $2.4M feasibility, PIDP under IIJA); Denali Commission Kotzebue award letter 2024 FOA DC-WP-24-001 ($2M Cape Blossom Road & Port Project Phase II, via mccmeetingspublic). NAME DISAMBIGUATION: distinct from Kotzebue city row (ARC-CITY-033) and from Port of Nome (ARC-PORT-122) — this is the separate proposed Cape Blossom port north of the Arctic Circle",80,2026-08-25
ARC-PORT-124,Effo Søldarfjørður Fuel Storage Terminal — Faroe Islands' largest fuel depot / North Atlantic energy hub (new),ARC-CITY-092,Faroe Islands,62.1683,-6.7840,,,,,None (ice-free year-round North Atlantic),,"Yes (bunkering: gas oil, diesel, petrol, jet fuel; 7 tanks ~20.5 m high, 20,000 m³ total)",,,Effo (Faroese energy company; construction with Articon + Mest); Effo relocating national operations to Søldarfjørður harbor,Private (Effo),"faroebusinessreport.com BFI EFFO centralises operations in Søldarfjørður (independent: modern energy terminal as main hub, fuel depot completed late 2027, bunkering for fishing vessels/cargo/international traffic, consolidates storage, strengthens Søldarfjørður as North Atlantic refueling point, follows completion of new Runavík port); dailynorthern.com 2026 'Faroe Islands largest fuel storage facility to be built in Søldarfjørður' (7 tanks 20,000 m³, gas oil/diesel/petrol/jet fuel, construction began Aug 2026, completion end 2027, Articon+Mest, Faroese Environmental Agency approval); dailynorthern.com 'Faroese council approves Effo oil storage facility' (Runavík municipal council approved Sandi/Søldarfjørður site, fire suppression, pump house, largest Effo investment to date). NAME DISAMBIGUATION: distinct from Effo's retained Viðarnes tanks in Tórshavn and from Port of Tórshavn (ARC-PORT-057) — this newly-built Søldarfjørður fuel terminal is in Runavík municipality, Faroe Islands",80,2026-08-25
ARC-PORT-126,"Evenes Industrial Seaport (EIS) — Strategic Maritime Hub for the High North (military-adjacent NATO RSOM-style reception/transload; E10/airport-rail linked, near Evenes Air Station)",ARC-CITY-020,Norway,68.49,16.68,NOBOG,,,,Yes (year-round Arctic/NATO logistics; ice-capable approach),300000,,,,"Evenes Industrial Seaport AS (org 933 846 830; shareholders Sea-Wave Invest AS 40%, Ninjafabrikken AS 25%; board Aleksander Viksund, Renate Mørch, Jann Karstein Lindberg, Thor Egil Thoeneie)",Private,"evenes-seaport.no (OFFICIAL company: 300,000 m2 / ~75 ac zoned industrial+port, ~6 km from Evenes Air Station main gate, military-commercial dual-use, NATO High North positioning, mountain storage); evenes.kommune.no Omradeplan Evenes PLAN ID 1853-2021501 (OFFICIAL municipality: zoning new industrial/næring areas + port around Harstad/Narvik lufthavn Evenes, Nautå industrial park, E10 corridor); evenes.kommune.no 'Forbereder storinnrykk i Evenes og Tjeldsund' (municipality + Tjeldsund growth from military/civilian bases); kystverket.no ankringsrapport Nordland (OFFICIAL Norwegian Coastal Administration: Bogen [Evenes] anchorage ID 6052, Category 2 regularly-used regional anchorage, UN/LOCODE NOBOG, heavy use by bulk vessels to Narvik port, NATO Kai anchorage context); 1881.no / Bronnoysund company registry Evenes Industrial Seaport AS org 933 846 830 (est. 2024, Liland/Evenes, startup financials); cbinsights.com (founded 2024, port + underground mountain storage, NATO RSOM alignment). NAME DISAMBIGUATION: distinct from Narvik Port (NATO Kai) and from the military Evenes Air Station itself — EIS is the private civic industrial seaport concession adjacent to the airbase.",88,2026-08-25
ARC-PORT-127,"Nuupiluk Deep-Water Harbour & Ferry Port (planned — Qaqortoq district, South Greenland)",ARC-CITY-052,Greenland,60.72,-46.15,,,,,Planned — ice-free (South Greenland); winter navigation feasible,Land for heavy industry + container terminal (planned),,,,Government of Greenland (Naalakkersuisut) / Danish Ministry of Finance (framework 2026-29); carrier/operator to supply ferry vessel,Public (State/Naalakkersuisut; Denmark-funded framework),"sermitsiaq.ag (national broadcaster: Nuupiluk deep-water harbour/ferry port ~8.3 km west of Qaqortoq airport, land for heavy industry + container terminal, connects Narsaq-Qaqortoq by ferry, ~DKK 169M 2020 estimate incl. DKK 39M road to airport + DKK 130M two ferry wharves, potential Danish Defence civil/military use); thelocal.dk + thelocal.com (independent: Denmark-funded deep-water harbour in Qaqortoq area as part of DKK 1.6B 2026-29 framework); dagensbyggeri.dk (Danish construction press: Dybvandshavn + landing runway); cphpost.dk (Danish framework 2026-29: Qaqortoq deep-water harbour). NAME DISAMBIGUATION: distinct from ARC-PORT-091 (Qaqortoq Dual-Use Port Expansion — town harbour) and ARC-PORT-053 (Qaqortoq Port, Royal Arctic Line) — this row is the separate planned deep-water ferry/harbour at Nuupiluk, ~8.3 km west of Qaqortoq airport, connecting Narsaq by ferry; coordinates approximate for Nuupiluk coastal site west of Qaqortoq",72,2026-08-25
ARC-PORT-128,"Indiga Deep-Water Arctic Port (Cape Rumyanichny, Nenets AO)",,Russia,67.6,49.0,RUIDG,20,,8600000,Ice-free (no icebreaker escort required; depths >20 m),,,,,AEON Infrastructure Corporation (Roman Trotsenko) / Nenets AO Government,Private/State (AEON-led public-private; ~10B RUB first stage / 300B+ RUB full project),"http://en.kremlin.ru/events/president/news/80545 (OFFICIAL Kremlin meeting w/ Gov Gekht: ~10B RUB, depth >20 m, ice-free bay, no icebreaker support, included in region comprehensive development plan); https://www.portseurope.com/e102-mln-to-be-invested-in-the-1st-stage-of-russias-indiga-deep-water-arctic-port/ (EUR 102M first stage); https://portnews.ru/news/395637/ (OFFICIAL maritime press: depths >20 m, rail link Sosnogorsk-IG ~371B RUB, Investment Declaration); https://www.gem.wiki/Port_of_Indiga (AEON developer, coal/oil/LNG/universal terminal, Phase 1 ~8.6 Mtpa, capacity to 21.4+ Mtpa, commissioning ~2028); https://en.russia.ru/news/irina-gext-neneckii-avtonomnyi-okrug-vaznyi-region-arktiki-i-territoriia-komfortnoi-zizni. NAME DISAMBIG: distinct from Arkhangelsk & Murmansk ports; site at Cape Rumyanichny ~50 km west of Indiga Bay; tsarist-era project revived.",85,2026-08-25
ARC-PORT-129,"Crémaillère Harbour Marine Port (Great Northern Port Inc.) – Arctic marine hub near St. Anthony, NL",,Canada,51.3334,-55.6147,,,,,Ice-free / Arctic-capable deep-water (farthest-north ice-free; graving dock for vessel refit/repair); SAR & CCG station,,Fuel tank farm + fueling/wharfage services,,,Great Northern Port Inc.,Private,"https://www.gov.nl.ca/eccc/projects/project-1933/ (OFFICIAL NL EA registry, Reg. 1933; full-service offshore marine base, deep-water port, graving dock, 3 phases 2020-2030, ministerial decision term expired Jan 15 2026); https://www.gov.nl.ca/eccc/files/env-assessment-projects-y2017-1933-1933-registration-doc.pdf (OFFICIAL registration coords 51°20'N 55°36'W, approx 51.3334,-55.6147, ~4.1 km south of St. Anthony); https://vocm.com/2026/08/10/306472/ (Aug 10 2026: GNP planning Arctic marine hub; wharfage/fueling/warehouse/laydown/maintenance; fuel tank farm, emergency response bldg, service dock, access road; construction start 2027, completion 2029); http://www.gnpnl.ca/ (operator, Dan Villeneuve pres/CEO); https://www.cbc.ca/news/canada/newfoundland-labrador/northern-peninsula-harbour-project-1.5071718 (CBC: full-service Arctic-focused port, ice-research facilities, Mem Univ economic study). NAME DISAMBIG: distinct from St. Anthony Harbour town cruise port (ARC-PORT-same-city) — this is the separate GNP Crémaillère marine/industrial hub ~4.1 km south of St. Anthony, northern Peninsula.",90,2026-08-25
ARC-PORT-130,"Korsakov Commercial Sea Port (KMTP) – NSR deep-water hub, Sakhalin",,Russia,46.6347,142.774,RUKOR,11.4,,4000000,Ice-class (Dec–Mar ice restrictions); NSR corridor deep-water hub; approach channel deepened to −11.9 m / 11.4 m,,,,,Login Delo (64.26% controlling) / Rosmorport (state operator),Private/State (privatized; Login Delo controlling; Rosmorport development),"http://en.arctic.ru/20260615/1536786.html (OFFICIAL gov Arctic & Far East: PM Mishustin order expanding Korsakov seaport lands for cargo hub, coal/oil & bunker terminals, gas condensate transshipment); https://www.rosmarport.com/filials/shl_developmentofports/ (OFFICIAL Rosmorport: logistics technopark, breakwater 383m, berths 1-4 + bridge, water areas to −11.9m / −9.9m, vessels to ~147.9m LOA; composite-material shipyard; staged 2026-2030); https://seanews.ru/en/2026/02/12/en-dredging-in-korsakov-to-start-in-2026/ (dredge basin + entrance channel to 11.4m, throughput to ~4M t/yr); https://interfax.com/newsroom/top-stories/104315/ (Login Delo 64.26% acquisition); https://en.portnews.ru/news/387281/ (3-yr modernisation: multipurpose deep-water hub, fish processing to 500t/day, composite shipyard); https://www.portseurope.com/modernisation-of-privatised-korsakov-port-part-of-the-nsr/. NAME DISAMBIG: distinct from other 'Korsakov' references; this is Korsakov Commercial Sea Port (KMTP), Sakhalin Oblast — Far East NSR/Trans-Arctic corridor hub with Kuril & East Asia links.",85,2026-08-25
ARC-PORT-132,Murmansk NSR Container Transshipment Terminal (NewNew Shipping / dedicated container berth),ARC-CITY-001,Russia,68.9783,33.0680,RUMMK,14.5,2,1200000,Arc4-Arc7 (ice-free port; no icebreaker escort required),200000,Yes,,36,NewNew Shipping Line (China) in partnership with Murmansk Commercial Sea Port / Murmansk Region authorities,PPP (Chinese carrier developing dedicated berth/terminal facilities with Russian partners),"tass.com/economy/2175713 (TASS official: NewNew ready to invest in Murmansk berth facilities, six vessels to call from late Oct 2026); marineinsight.com (dedicated container terminal completed 2025, ARC-3 ships up to 4,800 TEU, ~1.2M t NSR cargo 2027, 6 vessels); maritime-executive.com (up to 2 sailings/month, ARC-3 class, transshipment terminal, Belarus cargo); gcaptain.com (first NSR container to Murmansk, 500 TEU Xin Xin Hai 1, 19 Aug 2026); interfax.com (Murmansk Commercial Sea Port part of Port Alliance >53 Mt/yr, Murmansk hub of Russia's Arctic zone). NAME DISAMBIGUATION: distinct from ARC-PORT-001 (Murmansk Commercial Sea Port core) — this row is the NEW dedicated NSR container transshipment terminal/berth set developed with NewNew Shipping. | GIS-QA densify 2026-09-08: OSM Portovyy proyezd 22 / MCSP container zone; densify off RUMMK parent ARC-PORT-001",87,2026-09-08
ARC-PORT-134,"Port of Argentia — North America's First Monopile Marshalling Port + Cooper Cove Marine Terminal Expansion (>$100M, +448m wharf, 8 berths, up to 14m draft)",NULL,Canada,47.2953,-53.9858,CANWP,14,8,NULL,NULL,100000,NULL,NULL,NULL,"Port of Argentia (Argentia Capital) — nonprofit maritime & economic development hub, est. 1995 (Placentia region)",Nonprofit community/municipal stewardship; federally (GOC $38M) + provincially (NL $15.1M) funded,"portofargentia.ca (official: $100M Cooper Cove doubles quayside to 860m+; North America first monopile marshalling port; 70ha paved runways within 2km); iaac-aeic.gc.ca/050/evaluations/proj/86128 (Impact Assessment Agency of Canada official evaluation); gov.nl.ca/eccc/projects/project-2279 (Gov of NL official EA/project page); argentiacapital.ca/cooper-cove-terminal (448m wharf extension to ~878m, 8 berths/4 dock areas, up to 14m draught, 100,000 m2 storage/fabrication, Ro-Ro ramp, >$100M); portofargentia.ca/about (IAAC no-impact-assessment; Gov NL $15.1M + Federal $38M funding; 70ha monopile marshalling); argentiacapital.ca/about-the-port-of-argentia (completion 2027, >$100M, 5->8 berths); econext.ca/port-of-argentia (North America first monopile marshalling port); members.technl.ca (completion 2027, >$100M); ca.linkedin.com/company/port-of-argentia (448m dock + 10ha laydown; Argentia Renewables wind-to-green-H2 with Pattern Energy; Cenovus West White Rose drill platform host)",90,2026-08-25
ARC-PORT-135,Kalvåg New Fishing Harbor (Kystverket 2026 co-funded project — dredging + new breakwaters/quays; NOK 12.5M state grant),NULL,Norway,61.7625,4.8763,NOKVG,8.0,6,25000,None,5000,Yes,,600,Kalvåg Havn / Bremanger kommune; operator = public fishing harbour,Public (municipal; Kystverket up to 50% co-funding),"kystverket.no official project page (Kalvåg fiskerihavn: new piers, dredging ~188,000 m3 reclaimed, breakwater molo øst/vest, 11 sjømerker, contract call 2026, planned 2026-2027); kystverket.no official farleds- og fiskerihavnprosjekt 2026-2030 (Kalvåg & Mehamn listed 2026-2027); nrk.no 2026-08 (Kystverket NOK 12.5M to Kalvåg for floating quay + wave dampeners; part of NOK 83.6M 7-port round); havnemagasinet.no (Kalvåg among awarded 2026 projects); statsforvalteren.no official høring 27-Oct-2025 (Pollution Control Act marine works: ~95,000 m3 dredge/blast, ~188,000 m3 reclamation, ~2-yr build) | NAME DISAMBIGUATION: Kalvåg fishing harbour is in Bremanger, Vestland county, Norway (WGS84 61.76N 4.88E); distinct from other 'Kalvåg' settlements in Norway (e.g. in Nordland). Coordinates cross-checked via Google Maps.",88,2026-08-25
ARC-PORT-136,Narvik Terminal Nord (Kleiva) — deep logistics terminal & intermodal expansion (planned),ARC-CITY-020,Norway,68.4400,17.4200,NONVK,,,,None (ice-free harbour),,,,,Narvik Havn KF (port authority) + Bane NOR (rail); planning with Narvikgarden,Public (municipal port authority; Narvik Havn KF 100% municipally owned),"narvikhavn.no (official Narvik Havn — Narvikterminalen area regulation ~990 decares incl. sea, PlanID 2021001, adopted); oldweb.narvik.kommune.no (official Narvik municipality — omraderegulering 'Narvikterminalen med Terminal Nord', vedtak 18.04.2024); logistikkinside.no (trade press — Terminal nord ~NOK 1B, 3x750 m rail spurs, container + defence materiel capacity, NTP funding sought); railfreight.com (Ofot Line upgrade — Narvik NATO logistics hub, 740m LKAB trains)",85,2026-08-25
ARC-PORT-137,"Utrenniy LNG Export Terminal (Arctic LNG 2, Gydan Peninsula)",ARC-CITY-098,Russia,71.0010,73.7960,RUUTT,15.0,3,"40,000,000 (design capacity; Arctic LNG 2 + future Arctic LNG 1)",Arc7 (GBS ice-resistant gravity structures); year-round operation,"3 gravity-based structures (GBS) + Ob Bay ship channel, ~360,000 cbm storage",Yes (LNG & condensate loading),,,Utrenniy terminal (Novatek Arctic LNG 2); GBS built at Belokamenka,State-private (Novatek Arctic LNG 2 / Rosatom),"gem.wiki/Arctic_LNG_2_Terminal (coordinates ~70.995 N, 73.829 E); ports.marinelink.com/ports/port/arctic-lng-2 (Arctic LNG 2 port ~71.0003 N, 73.7961 E); highnorthnews.com (Utrenny terminal first parts commissioned, Gydan); thebarentsobserver.com (terminal built twice bigger than planned, Ob Bay ship channel); offshore-technology.com (Utrenniy LNG/SGC terminal, Gydan, ~70 km across Ob Bay)",85,2026-08-25
ARC-PORT-138,Koryak FSU — Bechevinskaya Bay LNG Transshipment Hub (Arctic LNG 2 OTC),ARC-CITY-099,Russia,53.60,159.53,RUKPT,12.2,2,"20,000,000 (Marine Transshipment Complex capacity)",Non ice-class FSU; receives Arc7 ice-class carriers & transships to conventional tankers,"360,000 cbm FSU (400m LOA x 60m beam), 2 transshipment points, 32-anchor mooring",Yes (LNG ship-to-ship transfer),,,Arctic Perevalka / Arctic Transvesselment (Novatek subsidiary),State-private (Novatek Arctic LNG 2),"highnorthnews.com (Koryak FSU arrived Bechevinskaya Bay, ~400m long, 20 Mt/yr, 32 anchors); vesselfinder.com (Koryak FSU first delivered Bechevinskaya Bay, 360,000 cbm, LOA 400m, beam 60m, draft 12.2m); opensanctions.org (Koryak FSU, Arctic Transvesselment LLC/Novatek, Kamchatka OTC); energyintel.com (Koryak FSU arrived Kamchatka LNG Terminal)",82,2026-08-25
ARC-PORT-139,Tromsø Havn (Tromsø Port Authority) — Northern Norway Barents Gateway Green-Maritime Port,ARC-CITY-015,Norway,69.6546,18.9590,NOTRO,11.0,9,"~1,500,000 (general cargo, fish-handling logistics, cruise provisioning)",Ice-class capable; full-hull-access berths; waste handling; provisioning,"~120,000 (deep-water berth + warehouse/storage)","Yes (bunkering, water, provisioning, waste management)",,6500,Tromsø Havn KF,Municipal (Tromsø kommune),"havn.no (Tromsø Port Authority: long berths enabling full-hull access, green maritime transition leader, Barents-region gateway, fishing + cruise hub, integrated supplier industry, Tromsø Airport intermodal); Tromsø regional logistics network (ARC-CITY-015; University of Tromsø maritime ecosystem)",82,2026-08-25
ARC-PORT-140,Ísafjörður Pier Extension (new 500m pier — EUR 8M / ISK 1B; 190m→500m),ARC-CITY-063,Iceland,66.0755,-23.1080,ISISA,10.0,,,None (ice-free Westfjords harbour),,,,176,"Hafnir Ísafjarðarbæjar (Ísafjarðarhöfn, municipal harbour authority)",Municipal (Ísafjarðarbær municipality),"port.isafjordur.is (official Hafnir Ísafjarðarbæjar: Ísafjarðarhöfn Icelands 2nd-largest cruise port, 176 cruise calls planned May–Oct 2026, municipal harbour authority across Ísafjörður/Suðureyri/Flateyri/Þingeyri); cruiseeurope.com (Cruise Europe press: EUR 8M / ISK 1B pier extension increasing pier 190m→500m, 10m depth alongside, ships up to 330m berth directly instead of tendering, harbour master Hilmar Lyngmo); cruisemapper.com (independent: IKr 1B / EUR 8M, 190m→500m, 10m depth, 330m ships, cruise ~70% of port revenue) | GIS-QA densify 2026-09-08: Pier-extension offset from ISISA parent ARC-PORT-077",84,2026-09-08
ARC-PORT-142,Chaika Coal Terminal (Taymyr / Kara Sea),ARC-CITY-008,Russia,73.51,80.81,RUDIK,12.0,2,10000000,Arc4-Arc5,0,No (under construction),,,Severnaya Zvezda (AEON) / Roman Trotsenko,Private,"""mdpi.com/2077-1312/11/10/1902 (MDPI: planned first deep-water coal terminal in the Russian Arctic zone, >10M t/yr, part of Dixon seaport reconstruction); thebarentsobserver.com/industry-and-energy/one-of-russias-richest-men-mulls-big-investments-in-arctic-coal-and-infrastructure/117331 (Barents Observer: Chaika sea port/terminal on west coast Taymyr, Syradasayskoye coal project, ~35B RUB investment)""",80,2026-08-25
ARC-PORT-143,NorSea Polarbase Hammerfest (Rypefjord) — new Ro-Ro facility,ARC-CITY-017,Norway,70.66,23.6,NOHFT,10.0,3,0,,,1,Yes,,NorSea Group / Greencarrier Freight Services,Private,"""maritimejournal.com/new-ro-ro-facility-at-polarbase/973575.article (Maritime Journal: NorSea Group plans new Ro-Ro facility at Polarbase, Hammerfest); ramco.no/ramco-expands-in-the-north (Ramco/Rypefjord supply base, ~4km from Hammerfest); freightweek.org/..new-polarbase-facility.. (Greencarrier opens Polarbase office for ENI Norge)""",85,2026-08-25
ARC-PORT-144,Ny-Ålesund / Kings Bay Arctic Research Port,ARC-CITY-095,Norway (Svalbard),78.9167,11.9333,NONYK,6.0,2,50000,Research vessel / ice-strengthened support (no scheduled commercial icebreaking),45000,Yes (limited research-port depot),,~90 (research vessel calls),Kings Bay AS (Norwegian state-owned research company; Ny-Ålesund landowner/port operator),State-owned (Government of Norway),"kingsbay.no (OFFICIAL Kings Bay AS — owner/operator of Ny-Ålesund research port & logistics, ~17 staff, CEO Ole Charles Ryder Øiseth); npolar.no (OFFICIAL Norwegian Polar Institute — Ny-Ålesund/Sverdrup research infrastructure, research logistics); sysselmesteren.no (OFFICIAL Governor of Svalbard — Ny-Ålesund land-use management led by Kings Bay AS)",86,2026-08-26
ARC-PORT-146,Kemi Port (Ajos) Deepening & Quay Extension — NIB EUR 21M Green Transition,ARC-CITY-036,Finland,65.663578,24.530333,FIKEM,12,0,,Baltic ice class; year-round via icebreakers,,"Ship electrification (on-shore power), sewage, digitalisation",,,Kemin Satama Oy,Municipal port (City of Kemi),https://arcticeconomiccouncil.com/news/arctic-needs-action-not-just-words/ ; https://www.nib.int; OSM Photon landuse=industrial Kemin satama 65.663578/24.530333 (Ajos deep-water port peninsula); densify off ARC-PORT-027 town pin toward Ajos quay extension,88,2026-09-08
ARC-PORT-147,Naiba (Nayba) Deep-Water Port — Yakutia Trans-Arctic Transport Corridor Gateway,ARC-CITY-007,Russia,71.9000,128.5000,,14,,"Phase-1 1.5 Mt/yr (2028 target, incl 1.0 Mt liquid); 2035 plan 3.2 Mt/yr (incl 2.0 Mt liquid)",Laptev Sea Arctic ice class; planned all-weather deep-water terminal (NSR),,,,,Republic of Sakha (Yakutia) / Far East & Arctic Development Corporation (planned),"State (regional; planned); infranews.ru/logistika/71199 02-Sep-2026 (VEF-2026: MTK Mohe-Nayba agreement signed; per Minvostokrazvitiya: international combined border crossing with PRC + deep-water port Nayba + NEW railway Nizhny Bestyakh-Nayba ~1,300 km + line to Magadan ~1,670 km; investor/initiator Group VIS; Kristall Rosta fund president A. Galushka: pre-feasibility completed with Yakutia govt WITHOUT federal budget, international investor consortium forming); yk24.ru 2026-03 (route Changying-Dzhalinda-Skovorodino-Nizhny Bestyakh-Lena 1,734 km-Nayba; water leg to NSR 3,143 km = 2.5x shorter than Vladivostok-Tiksi 8,000 km; Tiksi-Nayba agglomeration long-term plan approved by RF government; Yakutia drafting project TES); spbvedomosti.ru (Northern Forum: cargo target ~20 Mt/yr within 10 yrs; Rosatom as NSR infrastructure operator; Rynevo-Skovorodino rail reconstruction + new Amur bridge + Lena bridge + Nizhny Bestyakh multimodal hub); bigasia.ru (Patrushev, Maritime Collegium: corridor work started; endpoints Mohe Heilongjiang - Nayba Laptev Sea, ~3,000 km) || TIMELINE UPDATE 05-Sep-2026 (ATL cycle): first cargo at Nayba expected 2028 — head of Yakutia A. Nikolaev, RIA Novosti interview at VEF 02-Sep-2026 (via pda.warandpeace.ru OFFICIAL Presidential Administration regional portal): ""active work underway on start of port construction; several agreements incl. port construction signed at VEF-2026; first stage hundreds of thousands of tonnes in 2028""; design schedule per neftegaz.ru (11-Oct-2025, Nikolaev at expanded RAS Regional Policy Council x Yakutia gov meeting): preparation 2026 / berth construction 2028 / commissioning 2029; paluba.media corroborates commissioning window 2028-2029; port capacity design: 2028 = 1.5 Mt/yr incl 1.0 Mt liquid, 2035 = 3.2 Mt/yr incl 2.0 Mt liquid; site: near s. Nayba, Bulunsky r-n, ~112 km from district centre, sheltered from set-down winds, draft ~10 m vessels accessible, direct river access to Kolyma/Indigirka/Vilyuy/Olenek/Anabar/Olekma/Lena/Yana; Yakutia plans to use Nayba port capabilities for ASMМ (small nuclear power plant) construction logistics (ulus.media tag); NAME-DISAMBIG: 2028 first-cargo = Phase-1 terminal only, distinct from full 20-30 Mt corridor cascade target (ARC-RAIL-009)","tass.com (OFFICIAL TASS: Naiba port to become key hub of Trans-Arctic Transport Corridor; Governor Aisen Nikolaev; Putin directive to form integrated Trans-Arctic Transport Corridor; deep-water terminal with NSR access; cooperation with Far East & Arctic Development Corporation); ulus.media (Yakutia regional news: approved Arctic plan targets Tiksi-Nayba agglomeration as NSR hub; by 2028 Moscow-Tiksi air service; by 2031 dedicated oil terminal ~RUB 7B; from 2035 cargo capacity target 10 Mt/yr; eastern gateway by 2040); russiaspivottoasia.com (independent: Naiba port as gateway to China via Lena/Yana/Kolyma river routes; Tiksi as priority AZRF territory). NAME DISAMBIG: distinct from ARC-PORT-006 Tiksi Sea Port & ARC-PORT-036 Tiksi East Port (existing Tiksi ports) — Naiba is a NEW proposed deep-water terminal in same Bulunsky/Laptev agglomeration; approx. geolocation 71.9N / 128.5E (Bulunsky District, Laptev Sea coast); eastrussia.ru/news/glubokovodnyy-port-postroyat-v-opornom-naselennom-punkte-yakutii- (OFFICIAL DFO-info-hub: Yakutia head A. Nikolaev — RUB 4.98B from federal budget for Phase 1 deep-water port construction; Tiksi-Nayba agglomeration master plan approved among 15 Arctic AZ hub-settlement plans to 2035; + polyclinic/hospital Tiksi, modular clinic Nayba, Tiksi school #2 rebuild, new Tiksi airport); prim.rbc.ru/prim/30/10/2025/6902a1e39a79477fa7318c96 (corroborates: RF govt plan approved 27-Oct-2025; 2026 start of proposals for China-Russia intermodal corridor Heilongjiang-Amur-Yakutia via Dzhalinda-Mohe border, Reikovo-Skovorodino-Neryungri-Nizhny Bestyakh rail, Lena waterway to NSR at Tiksi) || VEF-2026 PROJECT PRESENTATION 04-Sep-2026 (Vedomosti vedomosti.ru/business/articles/2026-09-04/1226153 + korabel.ru 04-Sep 10:16): phase-1 (pervaya ochered) construction cost RUB 10.6B; design throughput phase-1 1.5M t/yr; external financing need RUB 5.6B; natural depths Khar-Ulakh Bay 14 m enable any-type vessels; corridor int'l cargo est ~2M t/yr; solves absence of deep-water port in Eastern NSR sector before Vladivostok; preparatory work done (key PRC provinces/companies identified, transport-logistics model built). SCOPE DISAMBIG: 'ochered' 10.6B (Sep-2026 presentation) vs 'perviy etap ~5B' (korabel 28-Oct-2025) vs 30-60B phase-1 (Sivtsev 2024) — different scope definitions, latest presentation stands; watch Phase-1 documentation completion (ulus.media) + federal project inclusion + https://pda.warandpeace.ru/ru/news/view/210260 (OFFICIAL-PA-PORTAL 02-Sep-2026 Nikolaev/RIA: first cargo 2028) + https://neftegaz.ru/news/transport-and-storage/902885 (design schedule 2026 prep/2028 berths/2029 commissioning; capacity 1.5 Mt 2028 / 3.2 Mt 2035; 14 m depth) + https://paluba.media (commissioning 2028-2029 + tag: hydrographic survey of Nayba water area next year)",93,2026-09-05
ARC-PORT-148,Ura Guba (Ura Bay) - Murmansk LNG Reloading Terminal (Arctic LNG 2 OTC),ARC-CITY-001,Russia,69.16,33.42,,22,2,20000000,Yes (ship-to-ship via ice-class tankers; year-round),0,LNG transshipment / reloading (FSU-based),0,0,Arkticheskaya Perevalka (Novatek-TotalEnergies JV; TotalEnergies 10%),State/Private JV - floating FSU financed via Russian State Transport Leasing Co.; operated by Arctic Transshipment,Russian Government decree (RF gov); thebarentsobserver.com; lngprime.com; rcinet.ca/eye-on-the-arctic,VERIFIED,2026-08-26
ARC-PORT-149,Barentsburg Port (Arktikugol — Russia's active Svalbard coal/tourism port),ARC-CITY-093,Norway (Svalbard),78.0667,14.2167,SJBAR,13,,100000,Arctic ice class (Svalbard/Isfjorden); year-round via coastal icebreaker support,,Limited (Arktikugol coal-fired power plant; no commercial bunkering),,,"Trust Arktikugol (Russian Federation, state-owned)",State-owned (Trust Arktikugol / Government of Russia),"tass.com (OFFICIAL: Arktikugol upgrades port infrastructures on Spitsbergen; berth depth to 13m, ship repair centre commissioned; Barentsburg & Piramida berths to become transport hubs; CEO Ildar Neverov); en.wikipedia.org/wiki/Barentsburg (2nd-largest Svalbard settlement; Russian coal mining town; pop ~300; coords 78.0667N/14.2167E); thebarentsobserver.com (Barentsburg port welcomes historic visa-free voyage directly from Murmansk — Professor Molchanov; Arktikugol 70M RUB/yr servicing Russian fishing vessels); svalbardmuseum.no/en/barentsburg (last remaining Russian settlement & final active mining community; land owned by Trust Arktikugol) SEIZURE EVENT CONFIRMED 2026-09-02: Russian research/passenger vessel Professor Molchanov (Roshydromet-owned, Arktikugol-operated) arrested in Barentsburg by order of Nord-Troms og Senja District Court (31-Aug) executed by Governor of Svalbard Lars Fause (2-Sep) to enforce Naftogaz $4.22B arbitration award; vessel confined to port; Russian Embassy Oslo (amb. Korchunov, 3-Sep) demands release citing Svalbard Treaty; PREVIOUS CYCLE RUMOR-DENIAL OVERTURNED — now multi-source verified; crew/passengers incl. minors in Barentsburg, repatriation assistance offered by Sysselmesteren || sysselmesteren.no (Governor of Svalbard arrest order, OFFICIAL); newsinenglish.no 2026-09-03 ""Russian tensions build after ship seizure at Barentsburg""; facebook.com/RusEmbNo 2026-09-03 Embassy comment (OFFICIAL Russian MFA channel); diplomacyandlaw.com legal analysis (court order 31-Aug, execution 2-Sep, Naftogaz $4.22B); en.highnorthnews.com ""Russian Ship Arrested in Svalbard: We are Not a Party, says the Governor of Svalbard"" || ARREST PROCEEDINGS UPDATE 03-04-Sep-2026: EX-PARTE arrest revealed — court documents (via RIA Novosti ria.ru/20260904/norvegiya-2115422616.html, 04-Sep) show Naftogaz sought arrest WITHOUT oral hearing and WITHOUT notifying defendant before execution, so vessel could not leave Norwegian waters; Arktikugol lawyers intend to CHALLENGE arrest decision (korabel.ru 03-Sep); Russian side deems detention violation of international law; Kremlin SUMMONED Norwegian ambassador in Moscow to lodge formal complaint + amb. Korchunov insists on immediate release & safety of passengers/crew via legal channels (DW dw.com/a-78889005 03-Sep); Norwegian Justice Ministry: Russia can demand district-court reassessment of case (DW); SOFX/Interfax: Nord-Troms court order 31-Aug, execution 02-Sep, framed as departure from shadow-fleet detention precedent (civilian research/passenger vessel held under commercial order onshore); 2026 Molchanov Murmansk-Barentsburg season: 10 voyages planned vs 5 in 2025 (Arktikugol/Morskaya Praktika context); REUTERS CONFIRMATION 04-Sep-2026: reuters.com/world/norway-seizes-russian-ship-over-naftogaz-award-company-says-2026-09-02 (top western wire: seizure to enforce $4.22B award, Russia denounced move as piracy, Naftogaz to continue global asset seizures incl US/France/UK/Finland per Independent, counsel Wikborg Rein + Covington & Burling); thebarentsobserver.com 457215 confirms court name Nord-Troms og Senja + award interest/costs; Independent: 24-hour standoff with Norwegian Coast Guard before vessel docked Barentsburg",90,2026-09-05
ARC-PORT-150,"Pyramiden Port (abandoned Soviet coal-mining port — now tourism berth, Billefjorden)",ARC-CITY-094,Norway (Svalbard),78.6567,16.3250,,,,,Arctic/Billefjorden ice; summer boat & winter snowmobile access,,,,,"Trust Arktikugol (Russian Federation, state-owned)",State-owned (Trust Arktikugol / Government of Russia),"en.wikipedia.org/wiki/Pyramiden (abandoned Soviet coal mining settlement; founded 1910 Sweden, sold to USSR 1927, closed 1998; Soviet-era coal-loading crane in harbour; approx 78.6567N/16.3250E, Billefjorden, Spitsbergen); thebarentsobserver.com (coal-loading crane in Pyramiden harbour; Soviet flag hoisted atop crane; Arktikugol revitalisation & tourism plans); en.wikivoyage.org (Pyramiden ~50km from Longyearbyen; boat/snowmobile only)",65,2026-08-26
ARC-PORT-151,Kangerlussuaq Port (Sondre Stromfjord),ARC-CITY-062,Greenland,67.0094,-50.6892,GLKAN,4.5,,,,,,,,Sikuki Nuuk Harbour A/S (operates Nuuk + Kangerlussuaq),State-owned (Government of Greenland / Naalakkersuisut),"sikuki.gl 2024-10-25 'Dredging in the Port of Kangerlussuaq' (official operator: shipping channel dredged, widened to 24m, deepened to 3.5-5m MV, harbour basin to 5m; final phase 2025 widen to 38m, min 4.5m MV); upfrontcom.dk 2026 'Expansion of the harbour in Nuuk takes shape' (independent: Greenland-wide improvement - dredging and new facilities at Kangerlussuaq port); sikuki.gl 'Sikuki selects KJ Greenland for Nuuk expansion' (official operator: owns/operates Nuuk and Kangerlussuaq ports) | GIS-2026-09-07: UNECE LOCODE GLSFJ (airport) → GLKAN (Kangerlussuaq Havn)",80,2026-09-07
ARC-PORT-153,Steensby Inlet Deep-Water Port (Baffinland Mary River Steensby Component),ARC-CITY-100,Canada,71.9600,-79.6000,,15.0,1,22000000,Arc4,NULL,No,NULL,NULL,Baffinland Iron Mines Corporation,Corporate (Energy & Minerals Group / ArcelorMittal),"baffinland.com 2026-01-29 official news release (Steensby Component cleared to begin construction; production 4.2 -> 22 Mtpa; rail to new deepwater port at Steensby Inlet replaces truck haul to Milne Port; ~$3B; 80-1,200 jobs); cbc.ca 2026-01-29 (149 km railway, ~1 km trains, 6.5 round trips/day, construction later 2026, completion ~3 yrs); maritime-executive.com 2026-01-29 (Canada approves Arctic mineral port on Baffin Island, 149-km railway, 4.2->22 Mtpa); yellowknifer.com 2026-01-29 (production 4.2 -> 22 Mtpa by 2030, 800-1,200 jobs); PND Engineers Milne Inlet Ore Dock reference; discoveryalert.com (dual-port Milne+Steensby, Cape-size ~180k DWT, season 6->10 months). NAME DISAMBIGUATION: NEW Steensby Inlet port distinct from existing Milne Inlet port (Baffinland current single-port); coordinates approximate for Steensby Inlet, north Baffin Island",88,2026-09-02
ARC-PORT-155,Vopnafjörður Deep-Water Port (Arctic transshipment hub candidate),ARC-CITY-101,Iceland,65.746,-14.780,ISVPN,70.0,3,800000,None,30000,Yes,8000-22000,60,Vopnafjarðarhreppur municipality / Vopnafjörður Port (adjacent Finnafjord Port Development Co.),Municipal (community-owned; adjacent Finnafjord FFPD JV Bremenports/ELFA),"arcticportal.org Arctic hub-ports comparative study (Vopnafjörður transshipment harbor depth >70 m, among deepest Arctic hub ports, referenced to Icelandic Maritime Administration research); magicport.ai (UN/Locode ISVPN, 65.74599N/-14.77958E, ice: none); thearcticinstitute.org future-arctic-shipping (Vopnafjörður + Kirkenes cited as major future Arctic deep-water hubs). NAME DISAMBIGUATION: distinct from Finnafjord Port Development Company (ARC-PORT-078, adjacent NE-Iceland fjord) — this row is the existing Vopnafjörður harbour / deep-water transshipment candidate at ISVPN",75,2026-09-02
ARC-PORT-156,Liinakhamari (Western Gate) Transshipment Terminal — remote terminal of Port of Murmansk,ARC-CITY-102,Russia,69.6333,31.2500,,20,,1000000,"Ice-free year-round (Gulf Stream); Ro-Ro/Lo-Lo/Ro-Lo, transfer Arctic-class -> conventional , NSR West-Gate",50000,,,,OOO Pribrezhny (Western Gate terminal) / OOO Port Liinakhamari (Norilsk Nickel tourism cluster),"Private (OOO Pribrezhny) + Murmansk port rem. terminal (land sec No21, water sec No3); AZRF resident","maritime-executive.com/blog/new-port-planned-for-russia-s-growing-northern-logistics-chain (Liinakhamari remote terminal of Murmansk port land sec No21/water sec No3, open to foreign ships by RF Gov decree; natural depth to 20m; OOO Pribrezhny transshipment hub, green-bond finance, Korzunovo airport 30km, 5ha/300m waterfront, 30k+20k sqm, up to 1M t, Ro-Ro/Lo-Lo/Ro-Lo); allaboutshipping.co.uk/2020/03/12/northern-logistics-chain/ (Western Gate container terminal Arctic->conventional, deep 20m, RF Gov decree, green bonds, NSTC); ru.thebarentsobserver.com/razrabotciki-ne-otkazyvautsa-ot-grandioznyh-planov-stroitelstva-porta-v-pecengskoj-gube/221768 (500k TEU container + 1M t transshipment, up to 300k DWT, railway link); en.wikipedia.org/wiki/Liinakhamari (ice-free harbour 69.6333/31.25, Finland's only ocean harbour 1920-44); kolland.art/news/port-liinahamari-novyj-rezident-arkticheskoj-zony-rf/ (AZRF resident). NAME DISAMBIGUATION: distinct from ARC-PORT-001 Murmansk Com. Sea Port core, ARC-PORT-031 Lavna Coal Terminal, ARC-PORT-132 NewNew NSR container terminal — this is the separate Liinakhamari/Western Gate remote ro-ro+container transshipment hub in Pechenga Bay.",78,2026-09-02
ARC-PORT-157,Murmansk Arctic Gate Marine Terminal (Morskoy Terminal Vorota Arktiki) — Belarusian-backed Kola Bay multimodal hub,ARC-CITY-001,Russia,68.9800,33.0000,,,,28000000,"Ice-free Kola Bay (Gulf Stream) west shore near Mishukovo; bulk, oil products, containers, fertilizers (potash)",,,,,"Morskoy Terminal Vorota Arktiki LLC (Marine Terminal Arctic Gate) — 99% Logistic Energy LLC (Belarus), 1% Nelli Malyarova; gen.dir. Andrey Bunakov",Private (Belarusian-backed JV),"interfax.com/newsroom/top-stories/101643/ (Belarusian investors Arctic Gate Marine Terminal LLC, Logistic Energy LLC, Kola Bay near Mishukovo, multimodal bulk/oil/container, 25-30M t/yr design, first cargo ~2028, registered Apr 1 2024, gen dir Andrey Bunakov); thebarentsobserver.com/industry-and-energy/behind-aleksandr-lukashenkos-grand-port-plan-in-murmansk-is-a-dodgy-deal-signed-by-a-disgraced-exconvict/145101 (Morskoy Terminal Vorota Arktiki, established Apr 1 2024, up to 25M t, containers/oil/bulk/fertilizers, Kola Bay west shore); reform.news/en/belarusian-port-project-in-murmansk-at-pre-investment-stage (agreement Apr 2024, 25-30M t, pre-investment); polarjournal.net/murmansk-builds-port-for-belarus (governor Andrei Chibis, estimated 25M t/yr, December 2024 completion, potash/bulk for Belarusian cargo). NAME DISAMBIGUATION: distinct from ARC-PORT-031 Lavna Coal Terminal (Rostec, east side) — Arctic Gate is the Belarusian/West-shore Kola Bay multimodal terminal.",75,2026-09-02
ARC-PORT-158,Sortland Havn KF — Vesterålen regional logistics & RoRo/project-cargo port (municipal hub linking sea & land transport),,Norway,68.6964,15.4145,NOSLD,,,,,,,,,"Sortland Havn KF (municipal port foretak of Sortland kommune — Havnegata 7, 8400 Sortland)","Municipal (kommunalt foretak, 100% Sortland municipality)","sortland-havn.no (OFFICIAL: Sortland Havn KF, Havnegata 7 / 8400 Sortland, regional port & logistics hub for Vesterålen linking sea & land transport; handles sea transport, goods receiving, container shipments, Ro-Ro, project cargo; ~4 staff); sortland.kommune.no (Sortland Municipality institutional: Sortland Havn KF regional port, Vesterålen largest municipality ~10,500 residents, key cultural/economic centre). NAME DISAMBIG: DISTINCT from Hadsel Havn KF (Stokmarknes), Helgeland Havn IKS, Bodo Havn KF and Port of Narvik — this is the dedicated Sortland/Vesteralen municipal port.",80,2026-09-03
ARC-PORT-159,"Hadsel Havn KF — instrumental municipal port, guest & cruise port of Hadsel (Stokmarknes, Vesterålen)",,Norway,68.5648,15.2207,NOSKN,,,,,,,,,"Hadsel Havn KF (municipal port foretak of Hadsel kommune — Stokmarknes, Vesterålen, Nordland)","Municipal (kommunalt foretak, Hadsel municipality)","hadselhavn.no (OFFICIAL: Hadsel Havn KF, Stokmarknes/Vesterålen Nordland — port & guest/cruise port services, ship-related services & regulations, waste management, port operations; ~2 staff); hadsel.kommune.no (Hadsel Municipality institutional: municipal port services in Vesterålen). NAME DISAMBIG: DISTINCT from Sortland Havn KF (Sortland), Bodo Havn KF (Bodø), Tromsø Havn KF and Narvik Havn — this is the dedicated Hadsel (Stokmarknes) municipal port.",75,2026-09-03
ARC-PORT-160,Mjóeyrarhöfn (Reyðarfjörður) — East Iceland industrialized bulk hub; planned large-scale Phase-2 expansion to ~2040,ARC-CITY-103,Iceland,65.0284,-14.1121,ISRFJ,14.5,1 (Mjóeyrarbryggja ~383 m; total quay ~408 m; expanding to ~950 m),1350000,Ice-free year-round (NW-Atlantic; deep fjord; supports winter Arctic/NSR-adjacent oil & product calls),60000,Yes (bunkering; tug support ~27.8 t via Reyðarfjörður),,150,Fjarðabyggðarhafnir (Mjóeyrarhöfn under Reyðarfjarðarhafnir); planning partner EPS/Eflu,Municipal (Fjarðabyggð municipality),"fjardabyggdarhafnir.is official port-authority page (~408 m quay, 14.5 m depth, Alcoa Fjarðaál services, 24/7 year-round, ice-free, tug); alta.is official Fjarðabyggð zoning plan (harbour edge 385 m → 985 m, 13.5 m draft-handling, expanded lots); mbl.is 2026-06-04 (9B ISK expansion to 2040; ~1,000 direct/indirect jobs + ~200 from CIP green energy park); austurfrett.is + byggingar.is (three-stage build, 82,000–115,000 m² container/freight area, up to 10B ISK to 2040). NAME DISAMBIGUATION: distinct from Finnafjord port (ARC-PORT-078, Vopnafjörður) and Vopnafjörður port (ARC-PORT-101); this is the Reyðarfjörður / Alcoa-hub port in Fjarðabyggð, East Iceland.",86,2026-09-03
ARC-PORT-161,Koverhar Harbour (Hanko) — strategic offshore-wind logistics & O&M hub for Noatun North (LOI Euroports/OX2/Ålandsbanken),,Finland,59.868,22.992,FIHKO,10.5,,,"Baltic ice-conditions; offshore-wind turbine component storage/assembly/transport (Noatun North up to 4,000 MW, port ops target ~2030)",,,,,"Euroports Group (exclusive partnership with Port of Hanko); Noatun project companies (OX2, Ålandsbanken Offshore Wind I LP)",Municipal (Port of Hanko) + Euroports development/operator agreement,"dredgewire.com/major-milestone-for-finlands-offshore-wind-industry-with-the-signing-of-a-letter-of-intent-to-develop-koverhar-harbour-into-a-strategic-industry-hub/ (independent offshore/energy news: Euroports + Noatun LOI to make Koverhar a strategic industry hub, Noatun North up to 250 turbines/4,000 MW, port ops ~2030, exclusive Port of Hanko + Euroports agreement); alandsbanken.com (OX2 + Bank of Åland green-port / offshore-wind financing ecosystem); ox2.com Noatun North/South (sponsor). NAME DISAMBIG: distinct from Hanko town harbour and Långnäs Mega Green Port (Åland) — this is Koverhar, Hanko, Finland.",82,2026-09-03
ARC-PORT-162,Fuglafjørður Port — Faroe top pelagic port; new 80m Enni deepwater quay (2026),ARC-CITY-104,Faroe Islands,62.2410997,-6.8188386,FOFGJ,15,6,600000,No,40000,Yes,,1000,Port of Fuglafjørður (Fuglafjørður Havn) / Havsbrún P/F,Municipal (Fuglafjørður municipality; Havsbrún P/F major operator),"faroebusinessreport.com/ports-shipping/new-deepwater-quay-for-port-of-fuglafjordur (80m new Enni deepwater quay 12-15m completed 2026; ~2km total quay after Havsbrún harbour expansion; ~500M DKK/€67M investment; 300-600k t raw fish; ~1000 calls/yr); portoffuglafjordur.com (official; >1250m quay; ships to 248m; only Faroe heavy-fuel port commercially); havsbrun.fo (official; deepwater quay ~9m avg, 100-120tph landing). NAME DISAMBIG: Fuglafjørður (Eysturoy) — distinct from Klaksvík/Ánir, Tórshavn & Runavík Faroe ports.; OSM Overpass densify 2026-09-08 (OSM industrial=port way/1164163007 Fuglafjørður)",90,2026-09-08
ARC-PORT-163,Klaksvík Harbour — Ánir / Norðhavnin 2026 industrial-harbour expansion,ARC-CITY-105,Faroe Islands,62.2335,-6.5930,FOKVI,12,3,,No,30000,No,,,Klaksvík Havn (municipal) / Klaksvík Municipality + MAGN oil storage (planned Grótrætt quay),Municipal (Klaksvík municipality),"dailynorthern.com/21226/new-industrial-and-harbour-facility-planned-for-anir-on-nordoyar (Ánir industrial-harbour facility approved Feb 26 2026; public review to Jun 26, objections by Jul 17); kvf.fo (official broadcaster; Klaksvík municipality Feb 26 approval; zone for port trades/storage/services); bluefaroeislands.com/post/several-key-initiatives-at-port-of-klaksvik-in-2026 (2026 initiatives: shore power Kósakaj, Borðoyarvík boat slip, MAGN oil-store quay at Grótrætt); en.wikipedia.org/wiki/Ánirnar (200m quay, 12m depth, 30,000m² storage. NAME DISAMBIG: Klaksvík/Ánir (Borðoy) — distinct from Tórshavn, Fuglafjørður & Runavík.",85,2026-09-03
ARC-PORT-164,"Murmansk coal terminal 'Lavna' (anchor project of Murmansk Transport Hub, western Kola Bay shore)",ARC-CITY-001,Russia,69.0000,32.7900,,,,18000000,"Year-round ice-free deepwater, no icebreaker escort needed; direct neutral-water access feeding NSR / Trans-Arctic Transport Corridor",,,,,GTLK (state project operator) / Novotrans-origin initiative; first coal shipment launched by President Putin at March-2025 International Arctic Forum,State (GTLK) financing + private stevedoring operation,"arctic.gov.ru GosKomissii protocol (Trutnev session, via goarctic.ru): under FP 'Development of the backbone network of sea ports' Lavna 18 Mt coal terminal by 2027, Murmansk LNG 6.8 Mt after 2030 OFFICIAL-GOSKOMISSII + invest.nashsever51.ru Murmansk Ministry of Arctic Development & Economics: total investment >RUB 87B, design 18 Mt/y expandable to 24 Mt/y, 1.4 Mt shipped Mar-2025-Mar-2026, readiness >96%, ~1000 builders, railway Vykhodnoy-Lavna with Tuloma river bridge live OFFICIAL-REGIONAL-GOV + kommersant.ru/doc/8604556: Dec-2025 Russian government approved shift of full design output to 2027 + portnews.ru/news/363036 Governor Chibis: Murmansk port throughput +63 Mt to 110 Mt by 2027 once Lavna (+32 Mt per MTU presentation), Belarusian transhipment port (+25 Mt) and Tuloma (+6 Mt) commissioned + tekkos.ru 29-Jan-2026: new complex commissioned lifting throughput to 12 Mt/y = 67% of design",95,2026-09-03
ARC-PORT-165,"Vardo fiskerihavn redevelopment (Kystverket major sea-route & fishing-harbour project, >NOK 100M class)",ARC-CITY-084,Norway,70.3740,31.1019,NOVAO,,,,Seasonal Barents Sea edge ice; exposed NW-NE wave/current/wind conditions being remedied,,,,,Kystverket (Norwegian Coastal Administration) as project owner; Vardo municipality + coastal fleet as users,State (Kystverket) with municipal co-use,kystverket.no/utbygging/farleds--og-fiskerihavnprosjekt/store-prosjekt/vardo-fiskerihavn OFFICIAL (oldest fisher village in Finnmark; municipality's largest coastal-fleet harbour plus cargo/passing calls; project improves framkomlighet/tilgjengelighet) + kystverket.no store-prosjekt list (defined as tiltak over NOK 100M) + kystogfjord.no & havnemagasinet.no: NTP 2022-2033 set aside NOK 200M for Vardo harbour measures (NOK 2M early planning grant) + NRK Troms og Finnmark: government proposal NOK 63M for new fiskerihavn + fiskeribladet.no: confirmed in Nasjonalt transportplan by fisheries minister Odd Emil Ingebrigtsen + altaposten.no 07-Oct-2024: project prioritised and put to tender for 2025 | GIS-QA densify 2026-09-08: OSM Vardø havn; densify off NOVAO parent ARC-PORT-032,94,2026-09-08
ARC-PORT-166,"Unified Northern-Supply Sea Route (EMO cabotage regime) — regulated-tariff state supply line Anadyr (Ugolnye Kopi) / Pevek / Tiksi, operator AO 'Rosatom Arktika'",ARC-CITY-006,Russia,64.732,-177.508,RUCOK,,,175000 (2025 Chukotka pilot delivery; 2026 EMO plan 342k t),Year-round NSR-linked cabotage; ice-convoy avoidance via early delivery before ice formation,,Yes (fuel deliveries),,,AO 'Rosatom Arktika' (Unified Maritime Operator / EMO) under Rosatom; Minvostokrazvitiya = federal coordinator of the Northern Supply Act,"State (federal regime; vessels chartered from owners, own fleet planned)","Government of Russia regulation of 24-Mar-2025 designating AO 'Rosatom Arktika' as unified maritime operator (EMO) of northern supply for 15 years (premier.gov.ru via eastrussia.ru; announced by PM Mishustin 24-Mar-2025) + atommedia.online OFFICIAL-ROSATOM press release: EMO scales 2025 pilot — 2026 navigation agreements signed with Chukotka, Yakutia, Khabarovsk and Kamchatka, Sakhalin + Arkhangelsk oblast pending; 3-year shipowner contracts; own fleet planned (outdated market tonnage) + portnews.ru 384739: 159.22k t delivered to Chukotka 2025 pilot, 7 vessels (5 tankers + 2 dry-cargo) + portnews.ru 386752 (Minvostokrazvitiya): 2026 northern-supply plan >3.9M t, EMO operational from 1-Jan-2026 at regulated tariffs via FGIS 'Severny zavoz' platform, budget-credit financing tripled in 2026 (2025: RUB 10.2B), EMO to carry up to 20% of volumes / +42% to 342k t + ria.ru 23-Apr-2026: Trutnev asks President Putin to give EMO its own fleet (Arctic-zone + Trans-Arctic corridor meeting) + korabel.ru follow-up. Federal law 'On Northern Supply' signed 4-Aug-2023, in force 1-Apr-2024. NAME DISAMBIGUATION: distinct from ARC-PROG-678 Greater NSR federal project (infrastructure FP) and ARC-PROG-494 nuclear icebreaker fleet — this is the northern-supply cabotage operator regime line; pin at Anadyr/Ugolnye Kopi gateway port; unrelated to US 'Nome' port rows despite similar name.",94,2026-09-03
ARC-PORT-167,Petropavlovsk-Kamchatsky Commercial Sea Port (PKMTP) -- TATC eastern anchor port / emerging hub,NULL,Russia,53.0000,158.6500,RUPKC,NULL,8,"~1,000,000 current; hub expansion in progress (morport: phase-1 sea terminal done, 200-reefer-plug container yard; aif/korabel: port-hub formation)","Ice-free year-round (Avacha Bay, avg depth 18 m, max 28 m)",NULL,NULL,NULL,NULL,"OOO 'Petropavlovsk-Kamchatsky Commercial Sea Port' (PKMTP) -- nationalized to Rosimushchestvo Jun-2025, commercial port + Kamchatka shipping unit under FESCO management since Oct-2025 (regional court upheld state transfer Jan-2026)",State (post-nationalization); FESCO-operated platform,"metalinfo.ru 18-Feb-2026 (Minvostokrazvitiya dept head I. Chernov at VI Sustainable Development Forum: Petropavlovsk-Kamchatsky will become one of the anchor ports of the Trans-Arctic Transport Corridor) + kamchatka.aif.ru 'Петропавловск-Камчатский станет опорной точкой трансарктического коридора' + kaminform.online 29-Jul-2026 (reg. media ИА ФС77-83065: main TATC port to be built in PK) + port.kamchatka.ru OFFICIAL-PORT (8 berths, ~1M t, 53N/158E, est. 1943) + korabel.ru catalogue (nationalization Jun-2025, FESCO control Oct-2025, Jan-2026 court) + morport.com (phase-1 sea terminal / reefer yard). NAME DISAMBIGUATION: distinct from ARC-CITY-099 Bechevinskaya Bay (separate LNG transshipment site ~100 km NE) and from Korsakov/Dudinka NSR ports; Avacha Bay port is the TATC Far-East anchor",88,2026-09-03
ARC-PORT-169,"Korf Bay High-Latitude Multimodal Transshipment Hub (VLT KORF) — NSR ice-class/conventional cargo transshipment, Olyutorsky District, Kamchatka",,Russia,60.2500,163.0500,RUKRF,,,"Phase 1 planned 40,000,000 t/yr dry bulk + liquid bulk transshipment",Transshipment between ice-class vessels on Arctic Corridor and conventional ships; ice-free bay (governor: year-round navigation),,,,,OOO Vysokoshirotny logisticheskiy terminal KORF (project company); KRDV to secure TOR residency + administrative support,Private (investor undisclosed); RUB 139.1B Phase 1 (official),"infranews.ru/logistika/71201 02-Sep-2026 (VEF-2026: VLT KORF x KRDV sign Phase 1 construction agreement, Olyutorsky District; multimodal port in Korf bay; 40 Mt/yr dry+liquid; RUB 140B; investor undisclosed) + portnews.ru/396348 02-Sep-2026 (Kamchatka governor Vladimir Solodov at VEF session on NSR/TTK security: high-latitude multimodal port in ice-free Korf bay near Tilichiki on Chukotka border has major strategic perspective, enables year-round NSR navigation + security cover; Kamchatka legally outside AZRF but integral to NSR/TTK). NAME DISAMBIG: Korf BAY (Korf settlement/Tymlat, Olyutorsky District, Kamchatka, 60.25N/163.05E) is distinct from KORF special administrative district on the Kuril Islands (Iturup) referenced in MTOR/ETOR unification rows — same acronym, different geography + vedomosti.ru/press_releases/2026-09-04 & erdc.ru 05-Sep-2026 KRDV/Roscongress OFFICIAL VEF-2026 final wrap-up: KRDV x OOO VLT KORF Phase 1 high-latitude logistics terminal agreement, Olyutorsky District, dry+liquid ice-class/conventional transshipment, ice-free Korf bay, RUB 139.1B + metalinfo.ru/187485 (~RUB 140B Phase 1, 100+ jobs) + ren.tv (RUB 138B) = SECOND SOURCE CONFIRMED, naming watch closed",93,2026-09-05
ARC-PORT-171,"Port Elga — Manorsky Cape Coal Marine Terminal (Sea of Okhotsk, within Vaniно seaport boundaries; inaugurated at VEF-2026)",,Russia,55.1167,135.7000,RUVNN,15.86,4,"30,000,000 (design; expandable to 50,000,000)","Year-round operation; ice-protective structures; berths accept 4x Panamax up to 100,000 DWT simultaneously",,,,,"OOO «Port Elga» (UK «Elga» group, CEO Vadim Bugaev; cluster historically linked to «Elsi» group)",Private; TOR «Khabarovsk» resident; national project «Efficient Transport System»,"mintrans.gov.ru/eye/press-center/news/12946 (OFFICIAL Mintrans: terminal launched under national project 'Efficient Transport System', +30 Mt capacity within Vaniно port, investor OOO Port Elga) + ria.ru/20260902/putin-2114961507.html (STATE news agency: Putin opened coal terminal 'Port Elga', RUB 71B investment, TOR Khabarovsk) + interfax.ru/business/1112777 (30 Mt/yr design with 50 Mt potential; 4 cargo berths, rail front, Malyy Dzhelon river bridge, >9 km conveyor, state border checkpoint, shift settlement; ~RUB 71B; Pacific Railway coal from Elginskoe field) + primamedia.ru/news/2608830 + 1prime.ru/20260902/rubli-872943298.html (RUB 71B, 1,134 jobs, dust-protection tech: wind screens, water cannons, covered conveyors) + news-khabarovsk.ru 03-Sep + news.mail.ru/economics/72217468 (opened by Putin + Trutnev at VEF-2026, 02-Sep-2026) + portnews.ru/news/print/394842 (berth depths 15 / 15.1 / 15.86 m at Manorsky; Panamax 100k) + morvesti.ru/news/1679/119986 (Mintrans order No.339/2024 incorporated Manorsky terminal water area into Vaniно port boundaries) + ru.wikipedia.org/wiki/Эльга_(порт) (geolocation ~55°07'N 135°42'E, NW shore of Uda Bay, Tuguro-Chumikansky District; 531 km Pacific Railway mainline / 626 km with sidings; 4 berths + 2 planned; 4 tugs, ~100 mobile units) + vedomosti.ru/strana/far_eastern/news/2023-10-13/1000473 (2023 govt boundary expansion under Degtyarev). CONTEXT: Pacific Railway (531 km, Elga field -> Manorsky) opened Sep-2025; second track under construction since Apr-2025 raising line capacity 30->50 Mt/yr. NAME DISAMBIG: sea terminal at Manorsky Cape (Khabarovsk Krai, Sea of Okhotsk) is DISTINCT from Elga coal mine near Neryungri (Yakutia ~56.9N/124.7E) and from Vaniно existing coal berths (Nos 5-7/15-17); 'Port Elga' = the new terminal legal entity/brand, coal originates from Yakutia. NOT an NSR/Laptev facility — Okhotsk/Pacific export leg of the Yakutia coal cluster.",95,2026-09-05
ARC-PORT-172,Kristiansand Port (Agder / Sørlandet coastal freight & ferry hub),ARC-CITY-061,Norway,58.1467,7.9956,NOKRS,11.5,12,,Ice-free year-round,,Yes,,,Kristiansand Havn KF / Port of Kristiansand,Municipal,kristiansandhavn.no OFFICIAL + unlocode NOKRS + city ARC-CITY-061; GIS Quality Loop 2026-09-07 (fix ARC-LANE-026 start_port was Homer AK ARC-PORT-067),90,2026-09-07
ARC-PORT-173,Ningbo-Zhoushan Port (NSR China–Europe container gateway),,China,29.8700,121.5500,CNNGB,,,,N/A (temperate gateway),,,,,Ningbo-Zhoushan Port Group,,UN/LOCODE CNNGB + schematic NSR China-Europe gateway; GIS-QL 2026-09-07 (ARC-LANE-027 start was Provideniya ARC-PORT-044),85,2026-09-07
